,House_Hold,MAE,MAPE,SMAPE,RMSE,Time_execution,Model_covariates,MAE_variation,SMAPE_variation,RMSE_variation,MAE_pct,SMAPE_pct,RMSE_pct
0,STRETCHEDSOCIETY_BLOCK_91_MAC001165,0.07,989939.44,1.058,0.15,265.43s,dayofweek_num,0.0,-0.04400000000000004,-0.0040000000000000036,0.0,-3.99,-2.6
0,STRETCHEDSOCIETY_BLOCK_91_MAC001165,0.054,508220.47,0.975,0.13,265.51s,hour,-0.016000000000000007,-0.1270000000000001,-0.023999999999999994,-22.86,-11.52,-15.58
0,STRETCHEDSOCIETY_BLOCK_91_MAC001165,0.069,822453.44,1.084,0.152,301.24s,holiday,-0.0010000000000000009,-0.018000000000000016,-0.0020000000000000018,-1.43,-1.63,-1.3
0,STRETCHEDSOCIETY_BLOCK_91_MAC001165,0.07,990743.3,1.054,0.151,287.98s,precipType,0.0,-0.04800000000000004,-0.0030000000000000027,0.0,-4.36,-1.95
0,STRETCHEDSOCIETY_BLOCK_91_MAC001165,0.075,1539828.8,1.043,0.147,260.72s,month,0.0049999999999999906,-0.05900000000000016,-0.007000000000000006,7.14,-5.35,-4.55
0,STRETCHEDSOCIETY_BLOCK_91_MAC001165,0.07,805570.3,1.102,0.154,258.31s,#,0.0,0.0,0.0,0.0,0.0,0.0
0,STRETCHEDSOCIETY_BLOCK_91_MAC001165,0.07,936475.1,1.064,0.152,250.42s,bool_weather_missing_values,0.0,-0.038000000000000034,-0.0020000000000000018,0.0,-3.45,-1.3
0,ESTABLISHEDAFFLUENCE_BLOCK_25_MAC003004,0.029,308873.4,0.853,0.053,394.94s,dayofweek_num,0.0010000000000000009,0.03300000000000003,-0.0010000000000000009,3.57,4.02,-1.85
0,ESTABLISHEDAFFLUENCE_BLOCK_25_MAC003004,0.019,617101.1,0.555,0.046,523.53s,hour,-0.009000000000000001,-0.2649999999999999,-0.008,-32.14,-32.32,-14.81
0,ESTABLISHEDAFFLUENCE_BLOCK_25_MAC003004,0.029,194952.03,0.898,0.055,274.38s,holiday,0.0010000000000000009,0.07800000000000007,0.0010000000000000009,3.57,9.51,1.85
0,ESTABLISHEDAFFLUENCE_BLOCK_25_MAC003004,0.027,237182.92,0.811,0.054,698.41s,precipType,-0.0010000000000000009,-0.008999999999999897,0.0,-3.57,-1.1,0.0
0,ESTABLISHEDAFFLUENCE_BLOCK_25_MAC003004,0.029,253306.12,0.837,0.054,282.24s,month,0.0010000000000000009,0.017000000000000015,0.0,3.57,2.07,0.0
0,ESTABLISHEDAFFLUENCE_BLOCK_25_MAC003004,0.028,232083.31,0.82,0.054,376.11s,#,0.0,0.0,0.0,0.0,0.0,0.0
0,ESTABLISHEDAFFLUENCE_BLOCK_25_MAC003004,0.029,247489.9,0.839,0.055,274.33s,bool_weather_missing_values,0.0010000000000000009,0.019000000000000017,0.0010000000000000009,3.57,2.32,1.85
0,ESTABLISHEDAFFLUENCE_BLOCK_13_MAC005411,0.168,0.358,0.284,0.217,354.63s,dayofweek_num,-0.027999999999999997,-0.03500000000000003,-0.06899999999999998,-14.29,-10.97,-24.13
0,ESTABLISHEDAFFLUENCE_BLOCK_13_MAC005411,0.174,0.338,0.284,0.261,286.72s,hour,-0.02200000000000002,-0.03500000000000003,-0.024999999999999967,-11.22,-10.97,-8.74
0,ESTABLISHEDAFFLUENCE_BLOCK_13_MAC005411,0.192,0.353,0.319,0.3,255.95s,holiday,-0.0040000000000000036,0.0,0.014000000000000012,-2.04,0.0,4.9
0,ESTABLISHEDAFFLUENCE_BLOCK_13_MAC005411,0.192,0.371,0.318,0.293,285.65s,precipType,-0.0040000000000000036,-0.0010000000000000009,0.007000000000000006,-2.04,-0.31,2.45
0,ESTABLISHEDAFFLUENCE_BLOCK_13_MAC005411,0.182,0.338,0.297,0.277,610.08s,month,-0.014000000000000012,-0.02200000000000002,-0.008999999999999952,-7.14,-6.9,-3.15
0,ESTABLISHEDAFFLUENCE_BLOCK_13_MAC005411,0.196,0.391,0.319,0.286,355.82s,#,0.0,0.0,0.0,0.0,0.0,0.0
0,ESTABLISHEDAFFLUENCE_BLOCK_13_MAC005411,0.192,0.346,0.318,0.302,253.50s,bool_weather_missing_values,-0.0040000000000000036,-0.0010000000000000009,0.016000000000000014,-2.04,-0.31,5.59
0,ESTABLISHEDAFFLUENCE_BLOCK_21_MAC004390,0.4,1.036,0.616,0.61,829.83s,dayofweek_num,0.03500000000000003,0.03300000000000003,0.05699999999999994,9.59,5.66,10.31
0,ESTABLISHEDAFFLUENCE_BLOCK_21_MAC004390,0.338,0.929,0.555,0.491,269.70s,hour,-0.02699999999999997,-0.027999999999999914,-0.062000000000000055,-7.4,-4.8,-11.21
0,ESTABLISHEDAFFLUENCE_BLOCK_21_MAC004390,0.505,1.363,0.912,0.711,335.27s,holiday,0.14,0.32900000000000007,0.15799999999999992,38.36,56.43,28.57
0,ESTABLISHEDAFFLUENCE_BLOCK_21_MAC004390,0.479,1.102,0.865,0.693,296.36s,precipType,0.11399999999999999,0.28200000000000003,0.1399999999999999,31.23,48.37,25.32
0,ESTABLISHEDAFFLUENCE_BLOCK_21_MAC004390,0.365,1.129,0.595,0.524,386.37s,month,0.0,0.01200000000000001,-0.029000000000000026,0.0,2.06,-5.24
0,ESTABLISHEDAFFLUENCE_BLOCK_21_MAC004390,0.365,1.056,0.583,0.553,327.33s,#,0.0,0.0,0.0,0.0,0.0,0.0
0,ESTABLISHEDAFFLUENCE_BLOCK_21_MAC004390,0.499,0.725,0.879,0.762,289.71s,bool_weather_missing_values,0.134,0.29600000000000004,0.20899999999999996,36.71,50.77,37.79
0,ESTABLISHEDAFFLUENCE_BLOCK_33_MAC004926,0.052,0.358,0.295,0.106,413.29s,dayofweek_num,-0.025,-0.23200000000000004,-0.023000000000000007,-32.47,-44.02,-17.83
0,ESTABLISHEDAFFLUENCE_BLOCK_33_MAC004926,0.073,0.967,0.468,0.123,304.43s,hour,-0.0040000000000000036,-0.059,-0.006000000000000005,-5.19,-11.2,-4.65
0,ESTABLISHEDAFFLUENCE_BLOCK_33_MAC004926,0.077,0.601,0.538,0.123,248.59s,holiday,0.0,0.01100000000000001,-0.006000000000000005,0.0,2.09,-4.65
0,ESTABLISHEDAFFLUENCE_BLOCK_33_MAC004926,0.076,0.559,0.526,0.124,256.39s,precipType,-0.0010000000000000009,-0.0010000000000000009,-0.0050000000000000044,-1.3,-0.19,-3.88
0,ESTABLISHEDAFFLUENCE_BLOCK_33_MAC004926,0.084,0.791,0.592,0.119,259.47s,month,0.007000000000000006,0.06499999999999995,-0.010000000000000009,9.09,12.33,-7.75
0,ESTABLISHEDAFFLUENCE_BLOCK_33_MAC004926,0.077,0.515,0.527,0.129,256.92s,#,0.0,0.0,0.0,0.0,0.0,0.0
0,ESTABLISHEDAFFLUENCE_BLOCK_33_MAC004926,0.077,0.604,0.539,0.123,251.64s,bool_weather_missing_values,0.0,0.01200000000000001,-0.006000000000000005,0.0,2.28,-4.65
0,STRETCHEDSOCIETY_BLOCK_99_MAC004771,0.085,2.107,0.683,0.139,283.94s,dayofweek_num,0.0050000000000000044,-0.04599999999999993,0.017000000000000015,6.25,-6.31,13.93
0,STRETCHEDSOCIETY_BLOCK_99_MAC004771,0.093,2.37,0.713,0.148,408.55s,hour,0.012999999999999998,-0.016000000000000014,0.025999999999999995,16.25,-2.19,21.31
0,STRETCHEDSOCIETY_BLOCK_99_MAC004771,0.096,2.115,0.737,0.147,503.92s,holiday,0.016,0.008000000000000007,0.024999999999999994,20.0,1.1,20.49
0,STRETCHEDSOCIETY_BLOCK_99_MAC004771,0.086,2.188,0.664,0.141,341.25s,precipType,0.0059999999999999915,-0.06499999999999995,0.01899999999999999,7.5,-8.92,15.57
0,STRETCHEDSOCIETY_BLOCK_99_MAC004771,0.088,1.975,0.683,0.141,490.50s,month,0.007999999999999993,-0.04599999999999993,0.01899999999999999,10.0,-6.31,15.57
0,STRETCHEDSOCIETY_BLOCK_99_MAC004771,0.08,1.392,0.729,0.122,243.36s,#,0.0,0.0,0.0,0.0,0.0,0.0
0,STRETCHEDSOCIETY_BLOCK_99_MAC004771,0.093,2.368,0.704,0.147,572.18s,bool_weather_missing_values,0.012999999999999998,-0.025000000000000022,0.024999999999999994,16.25,-3.43,20.49
0,STRETCHEDSOCIETY_BLOCK_106_MAC000077,0.082,0.44,0.341,0.119,324.52s,dayofweek_num,-0.013999999999999999,-0.05399999999999999,-0.01200000000000001,-14.58,-13.67,-9.16
0,STRETCHEDSOCIETY_BLOCK_106_MAC000077,0.08,0.449,0.354,0.117,258.18s,hour,-0.016,-0.041000000000000036,-0.013999999999999999,-16.67,-10.38,-10.69
0,STRETCHEDSOCIETY_BLOCK_106_MAC000077,0.099,0.552,0.415,0.141,409.93s,holiday,0.0030000000000000027,0.019999999999999962,0.009999999999999981,3.12,5.06,7.63
0,STRETCHEDSOCIETY_BLOCK_106_MAC000077,0.09,0.55,0.383,0.131,280.50s,precipType,-0.006000000000000005,-0.01200000000000001,0.0,-6.25,-3.04,0.0
0,STRETCHEDSOCIETY_BLOCK_106_MAC000077,0.082,0.45,0.357,0.121,281.61s,month,-0.013999999999999999,-0.038000000000000034,-0.010000000000000009,-14.58,-9.62,-7.63
0,STRETCHEDSOCIETY_BLOCK_106_MAC000077,0.096,0.653,0.395,0.131,294.30s,#,0.0,0.0,0.0,0.0,0.0,0.0
0,STRETCHEDSOCIETY_BLOCK_106_MAC000077,0.097,0.672,0.392,0.135,364.87s,bool_weather_missing_values,0.0010000000000000009,-0.0030000000000000027,0.0040000000000000036,1.04,-0.76,3.05
0,ESTABLISHEDAFFLUENCE_BLOCK_27_MAC005235,0.939,0.794,0.643,1.367,542.14s,dayofweek_num,-0.07799999999999996,-0.05399999999999994,-0.11099999999999999,-7.67,-7.75,-7.51
0,ESTABLISHEDAFFLUENCE_BLOCK_27_MAC005235,0.736,0.792,0.546,1.105,306.77s,hour,-0.2809999999999999,-0.1509999999999999,-0.373,-27.63,-21.66,-25.24
0,ESTABLISHEDAFFLUENCE_BLOCK_27_MAC005235,1.208,2.836,0.791,1.556,277.58s,holiday,0.19100000000000006,0.09400000000000008,0.07800000000000007,18.78,13.49,5.28
0,ESTABLISHEDAFFLUENCE_BLOCK_27_MAC005235,1.502,2.968,0.942,1.946,391.80s,precipType,0.4850000000000001,0.245,0.46799999999999997,47.69,35.15,31.66
0,ESTABLISHEDAFFLUENCE_BLOCK_27_MAC005235,0.874,0.874,0.759,1.287,504.06s,month,-0.1429999999999999,0.062000000000000055,-0.19100000000000006,-14.06,8.9,-12.92
0,ESTABLISHEDAFFLUENCE_BLOCK_27_MAC005235,1.017,1.197,0.697,1.478,455.66s,#,0.0,0.0,0.0,0.0,0.0,0.0
0,ESTABLISHEDAFFLUENCE_BLOCK_27_MAC005235,1.211,2.176,0.804,1.605,532.77s,bool_weather_missing_values,0.19400000000000017,0.1070000000000001,0.127,19.08,15.35,8.59
0,STRETCHEDSOCIETY_BLOCK_109_MAC002293,0.162,0.475,0.412,0.262,258.10s,dayofweek_num,-0.009000000000000008,-0.02300000000000002,0.01100000000000001,-5.26,-5.29,4.38
0,STRETCHEDSOCIETY_BLOCK_109_MAC002293,0.153,0.436,0.389,0.26,267.42s,hour,-0.018000000000000016,-0.045999999999999985,0.009000000000000008,-10.53,-10.57,3.59
0,STRETCHEDSOCIETY_BLOCK_109_MAC002293,0.188,0.702,0.473,0.298,555.83s,holiday,0.016999999999999987,0.03799999999999998,0.046999999999999986,9.94,8.74,18.73
0,STRETCHEDSOCIETY_BLOCK_109_MAC002293,0.154,0.462,0.377,0.267,517.47s,precipType,-0.017000000000000015,-0.057999999999999996,0.016000000000000014,-9.94,-13.33,6.37
0,STRETCHEDSOCIETY_BLOCK_109_MAC002293,0.184,0.674,0.463,0.286,456.15s,month,0.012999999999999984,0.028000000000000025,0.034999999999999976,7.6,6.44,13.94
0,STRETCHEDSOCIETY_BLOCK_109_MAC002293,0.171,0.601,0.435,0.251,267.94s,#,0.0,0.0,0.0,0.0,0.0,0.0
0,STRETCHEDSOCIETY_BLOCK_109_MAC002293,0.159,0.516,0.405,0.243,282.64s,bool_weather_missing_values,-0.01200000000000001,-0.02999999999999997,-0.008000000000000007,-7.02,-6.9,-3.19
0,STRETCHEDSOCIETY_BLOCK_107_MAC001785,0.109,0.419,0.376,0.166,285.64s,dayofweek_num,0.017,0.067,0.006000000000000005,18.48,21.68,3.75
0,STRETCHEDSOCIETY_BLOCK_107_MAC001785,0.086,0.302,0.28,0.151,269.41s,hour,-0.006000000000000005,-0.02899999999999997,-0.009000000000000008,-6.52,-9.39,-5.63
0,STRETCHEDSOCIETY_BLOCK_107_MAC001785,0.107,0.377,0.361,0.172,405.94s,holiday,0.015,0.05199999999999999,0.011999999999999983,16.3,16.83,7.5
0,STRETCHEDSOCIETY_BLOCK_107_MAC001785,0.091,0.275,0.308,0.168,409.76s,precipType,-0.0010000000000000009,-0.0010000000000000009,0.008000000000000007,-1.09,-0.32,5.0
0,STRETCHEDSOCIETY_BLOCK_107_MAC001785,0.123,0.473,0.393,0.189,334.41s,month,0.031,0.08400000000000002,0.028999999999999998,33.7,27.18,18.12
0,STRETCHEDSOCIETY_BLOCK_107_MAC001785,0.092,0.323,0.309,0.16,317.54s,#,0.0,0.0,0.0,0.0,0.0,0.0
0,STRETCHEDSOCIETY_BLOCK_107_MAC001785,0.088,0.287,0.288,0.153,559.27s,bool_weather_missing_values,-0.0040000000000000036,-0.02100000000000002,-0.007000000000000006,-4.35,-6.8,-4.38
0,STRETCHEDSOCIETY_BLOCK_102_MAC004129,0.204,0.364,0.409,0.433,255.66s,dayofweek_num,-0.0030000000000000027,-0.0040000000000000036,-0.013000000000000012,-1.45,-0.97,-2.91
0,STRETCHEDSOCIETY_BLOCK_102_MAC004129,0.191,0.327,0.365,0.423,251.17s,hour,-0.015999999999999986,-0.04799999999999999,-0.02300000000000002,-7.73,-11.62,-5.16
0,STRETCHEDSOCIETY_BLOCK_102_MAC004129,0.21,0.379,0.429,0.442,317.98s,holiday,0.0030000000000000027,0.016000000000000014,-0.0040000000000000036,1.45,3.87,-0.9
0,STRETCHEDSOCIETY_BLOCK_102_MAC004129,0.211,0.37,0.428,0.448,322.71s,precipType,0.0040000000000000036,0.015000000000000013,0.0020000000000000018,1.93,3.63,0.45
0,STRETCHEDSOCIETY_BLOCK_102_MAC004129,0.211,0.37,0.431,0.448,296.33s,month,0.0040000000000000036,0.018000000000000016,0.0020000000000000018,1.93,4.36,0.45
0,STRETCHEDSOCIETY_BLOCK_102_MAC004129,0.207,0.354,0.413,0.446,293.65s,#,0.0,0.0,0.0,0.0,0.0,0.0
0,STRETCHEDSOCIETY_BLOCK_102_MAC004129,0.212,0.386,0.433,0.444,269.61s,bool_weather_missing_values,0.0050000000000000044,0.020000000000000018,-0.0020000000000000018,2.42,4.84,-0.45
0,STRETCHEDSOCIETY_BLOCK_94_MAC004366,0.237,0.295,0.281,0.356,639.44s,dayofweek_num,-0.059,-0.07399999999999995,-0.05499999999999999,-19.93,-20.85,-13.38
0,STRETCHEDSOCIETY_BLOCK_94_MAC004366,0.238,0.29,0.278,0.373,376.29s,hour,-0.057999999999999996,-0.07699999999999996,-0.03799999999999998,-19.59,-21.69,-9.25
0,STRETCHEDSOCIETY_BLOCK_94_MAC004366,0.299,0.326,0.379,0.457,362.58s,holiday,0.0030000000000000027,0.02400000000000002,0.04600000000000004,1.01,6.76,11.19
0,STRETCHEDSOCIETY_BLOCK_94_MAC004366,0.311,0.507,0.37,0.419,250.91s,precipType,0.015000000000000013,0.015000000000000013,0.008000000000000007,5.07,4.23,1.95
0,STRETCHEDSOCIETY_BLOCK_94_MAC004366,0.332,0.494,0.377,0.482,344.40s,month,0.03600000000000003,0.02200000000000002,0.07100000000000001,12.16,6.2,17.27
0,STRETCHEDSOCIETY_BLOCK_94_MAC004366,0.296,0.475,0.355,0.411,237.43s,#,0.0,0.0,0.0,0.0,0.0,0.0
0,STRETCHEDSOCIETY_BLOCK_94_MAC004366,0.275,0.361,0.344,0.403,312.20s,bool_weather_missing_values,-0.020999999999999963,-0.01100000000000001,-0.007999999999999952,-7.09,-3.1,-1.95
0,STRETCHEDSOCIETY_BLOCK_95_MAC000006,0.037,0.325,0.285,0.063,350.80s,dayofweek_num,0.001999999999999995,0.012999999999999956,0.0010000000000000009,5.71,4.78,1.61
0,STRETCHEDSOCIETY_BLOCK_95_MAC000006,0.034,0.292,0.264,0.066,256.28s,hour,-0.0010000000000000009,-0.008000000000000007,0.0040000000000000036,-2.86,-2.94,6.45
0,STRETCHEDSOCIETY_BLOCK_95_MAC000006,0.038,0.338,0.297,0.065,638.84s,holiday,0.0029999999999999957,0.024999999999999967,0.0030000000000000027,8.57,9.19,4.84
0,STRETCHEDSOCIETY_BLOCK_95_MAC000006,0.035,0.305,0.273,0.061,388.38s,precipType,0.0,0.0010000000000000009,-0.0010000000000000009,0.0,0.37,-1.61
0,STRETCHEDSOCIETY_BLOCK_95_MAC000006,0.039,0.323,0.288,0.067,468.26s,month,0.003999999999999997,0.01599999999999996,0.0050000000000000044,11.43,5.88,8.06
0,STRETCHEDSOCIETY_BLOCK_95_MAC000006,0.035,0.315,0.272,0.062,480.70s,#,0.0,0.0,0.0,0.0,0.0,0.0
0,STRETCHEDSOCIETY_BLOCK_95_MAC000006,0.038,0.327,0.295,0.064,382.10s,bool_weather_missing_values,0.0029999999999999957,0.022999999999999965,0.0020000000000000018,8.57,8.46,3.23
0,ESTABLISHEDAFFLUENCE_BLOCK_33_MAC000351,0.172,0.531,0.441,0.344,361.83s,dayofweek_num,-0.0050000000000000044,-0.05399999999999999,0.0019999999999999463,-2.82,-10.91,0.58
0,ESTABLISHEDAFFLUENCE_BLOCK_33_MAC000351,0.156,0.367,0.396,0.347,297.86s,hour,-0.02099999999999999,-0.09899999999999998,0.004999999999999949,-11.86,-20.0,1.46
0,ESTABLISHEDAFFLUENCE_BLOCK_33_MAC000351,0.204,0.712,0.621,0.387,243.49s,holiday,0.026999999999999996,0.126,0.044999999999999984,15.25,25.45,13.16
0,ESTABLISHEDAFFLUENCE_BLOCK_33_MAC000351,0.195,0.624,0.549,0.372,417.62s,precipType,0.018000000000000016,0.05400000000000005,0.02999999999999997,10.17,10.91,8.77
0,ESTABLISHEDAFFLUENCE_BLOCK_33_MAC000351,0.177,0.504,0.481,0.359,341.48s,month,0.0,-0.014000000000000012,0.01699999999999996,0.0,-2.83,4.97
0,ESTABLISHEDAFFLUENCE_BLOCK_33_MAC000351,0.177,0.532,0.495,0.342,321.66s,#,0.0,0.0,0.0,0.0,0.0,0.0
0,ESTABLISHEDAFFLUENCE_BLOCK_33_MAC000351,0.204,0.642,0.572,0.394,329.58s,bool_weather_missing_values,0.026999999999999996,0.07699999999999996,0.05199999999999999,15.25,15.56,15.2
0,ESTABLISHEDAFFLUENCE_BLOCK_19_MAC005566,0.032,0.126,0.128,0.081,315.34s,dayofweek_num,-0.0010000000000000009,-0.0030000000000000027,0.0,-3.03,-2.29,0.0
0,ESTABLISHEDAFFLUENCE_BLOCK_19_MAC005566,0.025,0.082,0.091,0.077,455.14s,hour,-0.008,-0.04000000000000001,-0.0040000000000000036,-24.24,-30.53,-4.94
0,ESTABLISHEDAFFLUENCE_BLOCK_19_MAC005566,0.033,0.127,0.133,0.082,309.18s,holiday,0.0,0.0020000000000000018,0.0010000000000000009,0.0,1.53,1.23
0,ESTABLISHEDAFFLUENCE_BLOCK_19_MAC005566,0.033,0.13,0.13,0.081,339.76s,precipType,0.0,-0.0010000000000000009,0.0,0.0,-0.76,0.0
0,ESTABLISHEDAFFLUENCE_BLOCK_19_MAC005566,0.032,0.128,0.129,0.081,296.22s,month,-0.0010000000000000009,-0.0020000000000000018,0.0,-3.03,-1.53,0.0
0,ESTABLISHEDAFFLUENCE_BLOCK_19_MAC005566,0.033,0.126,0.131,0.081,324.53s,#,0.0,0.0,0.0,0.0,0.0,0.0
0,ESTABLISHEDAFFLUENCE_BLOCK_19_MAC005566,0.034,0.128,0.135,0.082,464.77s,bool_weather_missing_values,0.0010000000000000009,0.0040000000000000036,0.0010000000000000009,3.03,3.05,1.23
0,STRETCHEDSOCIETY_BLOCK_110_MAC002175,0.12,0.445,0.438,0.279,338.87s,dayofweek_num,-0.067,-0.954,-0.07199999999999995,-35.83,-68.53,-20.51
0,STRETCHEDSOCIETY_BLOCK_110_MAC002175,0.108,0.358,0.41,0.264,320.80s,hour,-0.079,-0.982,-0.08699999999999997,-42.25,-70.55,-24.79
0,STRETCHEDSOCIETY_BLOCK_110_MAC002175,0.152,0.841,0.715,0.31,309.57s,holiday,-0.035,-0.6769999999999999,-0.04099999999999998,-18.72,-48.64,-11.68
0,STRETCHEDSOCIETY_BLOCK_110_MAC002175,0.141,0.928,0.655,0.28,348.46s,precipType,-0.04600000000000001,-0.7369999999999999,-0.07099999999999995,-24.6,-52.95,-20.23
0,STRETCHEDSOCIETY_BLOCK_110_MAC002175,0.146,0.965,0.646,0.278,344.04s,month,-0.04100000000000001,-0.7459999999999999,-0.07299999999999995,-21.93,-53.59,-20.8
0,STRETCHEDSOCIETY_BLOCK_110_MAC002175,0.187,0.792,1.392,0.351,668.47s,#,0.0,0.0,0.0,0.0,0.0,0.0
0,STRETCHEDSOCIETY_BLOCK_110_MAC002175,0.153,0.814,0.717,0.312,303.87s,bool_weather_missing_values,-0.034,-0.6749999999999999,-0.03899999999999998,-18.18,-48.49,-11.11
0,ESTABLISHEDAFFLUENCE_BLOCK_37_MAC000861,0.223,0.979,0.663,0.316,715.32s,dayofweek_num,0.025999999999999995,0.07600000000000007,-0.006000000000000005,13.2,12.95,-1.86
0,ESTABLISHEDAFFLUENCE_BLOCK_37_MAC000861,0.194,0.693,0.584,0.313,265.18s,hour,-0.0030000000000000027,-0.0030000000000000027,-0.009000000000000008,-1.52,-0.51,-2.8
0,ESTABLISHEDAFFLUENCE_BLOCK_37_MAC000861,0.223,0.46,0.698,0.377,258.11s,holiday,0.025999999999999995,0.11099999999999999,0.05499999999999999,13.2,18.91,17.08
0,ESTABLISHEDAFFLUENCE_BLOCK_37_MAC000861,0.201,0.561,0.601,0.335,886.30s,precipType,0.0040000000000000036,0.014000000000000012,0.013000000000000012,2.03,2.39,4.04
0,ESTABLISHEDAFFLUENCE_BLOCK_37_MAC000861,0.212,0.457,0.635,0.363,265.06s,month,0.014999999999999986,0.04800000000000004,0.04099999999999998,7.61,8.18,12.73
0,ESTABLISHEDAFFLUENCE_BLOCK_37_MAC000861,0.197,0.64,0.587,0.322,487.98s,#,0.0,0.0,0.0,0.0,0.0,0.0
0,ESTABLISHEDAFFLUENCE_BLOCK_37_MAC000861,0.245,1.442,0.691,0.322,258.29s,bool_weather_missing_values,0.04799999999999999,0.10399999999999998,0.0,24.37,17.72,0.0
0,ESTABLISHEDAFFLUENCE_BLOCK_39_MAC001651,0.166,0.611,0.526,0.294,404.81s,dayofweek_num,-0.033,-0.10599999999999998,-0.07300000000000001,-16.58,-16.77,-19.89
0,ESTABLISHEDAFFLUENCE_BLOCK_39_MAC001651,0.165,0.646,0.489,0.294,265.74s,hour,-0.034,-0.14300000000000002,-0.07300000000000001,-17.09,-22.63,-19.89
0,ESTABLISHEDAFFLUENCE_BLOCK_39_MAC001651,0.192,0.77,0.603,0.33,281.23s,holiday,-0.007000000000000006,-0.029000000000000026,-0.03699999999999998,-3.52,-4.59,-10.08
0,ESTABLISHEDAFFLUENCE_BLOCK_39_MAC001651,0.194,0.79,0.616,0.34,288.13s,precipType,-0.0050000000000000044,-0.016000000000000014,-0.02699999999999997,-2.51,-2.53,-7.36
0,ESTABLISHEDAFFLUENCE_BLOCK_39_MAC001651,0.197,0.86,0.63,0.338,265.69s,month,-0.0020000000000000018,-0.0020000000000000018,-0.02899999999999997,-1.01,-0.32,-7.9
0,ESTABLISHEDAFFLUENCE_BLOCK_39_MAC001651,0.199,0.629,0.632,0.367,251.42s,#,0.0,0.0,0.0,0.0,0.0,0.0
0,ESTABLISHEDAFFLUENCE_BLOCK_39_MAC001651,0.172,0.638,0.519,0.315,282.44s,bool_weather_missing_values,-0.027000000000000024,-0.11299999999999999,-0.05199999999999999,-13.57,-17.88,-14.17
0,STRETCHEDSOCIETY_BLOCK_100_MAC002856,0.435,0.753,0.571,0.743,310.86s,dayofweek_num,-0.008000000000000007,-0.127,0.07899999999999996,-1.81,-18.19,11.9
0,STRETCHEDSOCIETY_BLOCK_100_MAC002856,0.405,0.676,0.559,0.681,265.27s,hour,-0.03799999999999998,-0.1389999999999999,0.017000000000000015,-8.58,-19.91,2.56
0,STRETCHEDSOCIETY_BLOCK_100_MAC002856,0.506,0.912,0.816,0.793,258.58s,holiday,0.063,0.118,0.129,14.22,16.91,19.43
0,STRETCHEDSOCIETY_BLOCK_100_MAC002856,0.492,1.236,0.801,0.733,287.97s,precipType,0.04899999999999999,0.10300000000000009,0.06899999999999995,11.06,14.76,10.39
0,STRETCHEDSOCIETY_BLOCK_100_MAC002856,0.643,1.953,0.958,0.891,289.88s,month,0.2,0.26,0.22699999999999998,45.15,37.25,34.19
0,STRETCHEDSOCIETY_BLOCK_100_MAC002856,0.443,1.113,0.698,0.664,251.61s,#,0.0,0.0,0.0,0.0,0.0,0.0
0,STRETCHEDSOCIETY_BLOCK_100_MAC002856,0.426,0.768,0.631,0.702,399.29s,bool_weather_missing_values,-0.017000000000000015,-0.06699999999999995,0.03799999999999992,-3.84,-9.6,5.72
0,ESTABLISHEDAFFLUENCE_BLOCK_34_MAC001452,0.124,0.326,0.307,0.19,503.24s,dayofweek_num,-0.10500000000000001,-0.307,-0.11499999999999999,-45.85,-50.0,-37.7
0,ESTABLISHEDAFFLUENCE_BLOCK_34_MAC001452,0.12,0.325,0.286,0.188,266.38s,hour,-0.10900000000000001,-0.328,-0.11699999999999999,-47.6,-53.42,-38.36
0,ESTABLISHEDAFFLUENCE_BLOCK_34_MAC001452,0.128,0.371,0.321,0.191,282.94s,holiday,-0.101,-0.293,-0.11399999999999999,-44.1,-47.72,-37.38
0,ESTABLISHEDAFFLUENCE_BLOCK_34_MAC001452,0.176,0.611,0.451,0.257,456.49s,precipType,-0.05300000000000002,-0.16299999999999998,-0.04799999999999999,-23.14,-26.55,-15.74
0,ESTABLISHEDAFFLUENCE_BLOCK_34_MAC001452,0.183,0.745,0.533,0.234,266.44s,month,-0.04600000000000001,-0.08099999999999996,-0.07099999999999998,-20.09,-13.19,-23.28
0,ESTABLISHEDAFFLUENCE_BLOCK_34_MAC001452,0.229,0.874,0.614,0.305,549.29s,#,0.0,0.0,0.0,0.0,0.0,0.0
0,ESTABLISHEDAFFLUENCE_BLOCK_34_MAC001452,0.172,0.636,0.492,0.234,282.76s,bool_weather_missing_values,-0.05700000000000002,-0.122,-0.07099999999999998,-24.89,-19.87,-23.28
0,ESTABLISHEDAFFLUENCE_BLOCK_37_MAC000782,0.295,0.806,0.494,0.458,383.83s,dayofweek_num,-0.009000000000000008,-0.05400000000000005,0.039000000000000035,-2.96,-9.85,9.31
0,ESTABLISHEDAFFLUENCE_BLOCK_37_MAC000782,0.273,0.794,0.45,0.408,290.65s,hour,-0.030999999999999972,-0.09800000000000003,-0.01100000000000001,-10.2,-17.88,-2.63
0,ESTABLISHEDAFFLUENCE_BLOCK_37_MAC000782,0.338,0.877,0.589,0.493,565.30s,holiday,0.03400000000000003,0.040999999999999925,0.07400000000000001,11.18,7.48,17.66
0,ESTABLISHEDAFFLUENCE_BLOCK_37_MAC000782,0.285,0.801,0.512,0.404,266.07s,month,-0.019000000000000017,-0.03600000000000003,-0.014999999999999958,-6.25,-6.57,-3.58
0,ESTABLISHEDAFFLUENCE_BLOCK_37_MAC000782,0.304,0.938,0.548,0.419,321.07s,#,0.0,0.0,0.0,0.0,0.0,0.0
0,ESTABLISHEDAFFLUENCE_BLOCK_37_MAC000782,0.316,0.752,0.627,0.491,377.01s,bool_weather_missing_values,0.01200000000000001,0.07899999999999996,0.07200000000000001,3.95,14.42,17.18
0,ESTABLISHEDAFFLUENCE_BLOCK_39_MAC001905,0.066,0.316,0.298,0.132,456.79s,dayofweek_num,-0.046,-0.21300000000000002,-0.04999999999999999,-41.07,-41.68,-27.47
0,ESTABLISHEDAFFLUENCE_BLOCK_39_MAC001905,0.083,0.423,0.406,0.151,266.96s,hour,-0.028999999999999998,-0.10499999999999998,-0.031,-25.89,-20.55,-17.03
0,ESTABLISHEDAFFLUENCE_BLOCK_39_MAC001905,0.09,0.447,0.442,0.162,424.37s,holiday,-0.022000000000000006,-0.069,-0.01999999999999999,-19.64,-13.5,-10.99
0,ESTABLISHEDAFFLUENCE_BLOCK_39_MAC001905,0.089,0.439,0.439,0.157,530.36s,precipType,-0.023000000000000007,-0.07200000000000001,-0.024999999999999994,-20.54,-14.09,-13.74
0,ESTABLISHEDAFFLUENCE_BLOCK_39_MAC001905,0.088,0.444,0.451,0.142,582.69s,month,-0.024000000000000007,-0.06,-0.04000000000000001,-21.43,-11.74,-21.98
0,ESTABLISHEDAFFLUENCE_BLOCK_39_MAC001905,0.112,0.605,0.511,0.182,389.89s,#,0.0,0.0,0.0,0.0,0.0,0.0
0,ESTABLISHEDAFFLUENCE_BLOCK_39_MAC001905,0.094,0.479,0.466,0.166,448.33s,bool_weather_missing_values,-0.018000000000000002,-0.044999999999999984,-0.015999999999999986,-16.07,-8.81,-8.79
0,ESTABLISHEDAFFLUENCE_BLOCK_18_MAC005491,0.13,1.479,0.619,0.222,313.37s,dayofweek_num,0.020000000000000004,0.049000000000000044,0.01999999999999999,18.18,8.6,9.9
0,ESTABLISHEDAFFLUENCE_BLOCK_18_MAC005491,0.099,0.832,0.536,0.186,268.10s,hour,-0.010999999999999996,-0.03399999999999992,-0.016000000000000014,-10.0,-5.96,-7.92
0,ESTABLISHEDAFFLUENCE_BLOCK_18_MAC005491,0.166,1.595,0.589,0.321,592.00s,holiday,0.05600000000000001,0.019000000000000017,0.119,50.91,3.33,58.91
0,ESTABLISHEDAFFLUENCE_BLOCK_18_MAC005491,0.128,1.667,0.616,0.223,363.25s,precipType,0.018000000000000002,0.04600000000000004,0.02099999999999999,16.36,8.07,10.4
0,ESTABLISHEDAFFLUENCE_BLOCK_18_MAC005491,0.117,1.399,0.554,0.221,413.16s,month,0.007000000000000006,-0.015999999999999903,0.01899999999999999,6.36,-2.81,9.41
0,ESTABLISHEDAFFLUENCE_BLOCK_18_MAC005491,0.11,1.281,0.57,0.202,622.88s,#,0.0,0.0,0.0,0.0,0.0,0.0
0,ESTABLISHEDAFFLUENCE_BLOCK_18_MAC005491,0.168,2.65,0.987,0.231,259.94s,bool_weather_missing_values,0.05800000000000001,0.41700000000000004,0.028999999999999998,52.73,73.16,14.36
0,STRETCHEDSOCIETY_BLOCK_107_MAC001672,0.217,0.485,0.487,0.338,264.27s,dayofweek_num,-0.0020000000000000018,0.016000000000000014,0.0040000000000000036,-0.91,3.4,1.2
0,STRETCHEDSOCIETY_BLOCK_107_MAC001672,0.218,0.418,0.483,0.346,291.30s,hour,-0.0010000000000000009,0.01200000000000001,0.011999999999999955,-0.46,2.55,3.59
0,STRETCHEDSOCIETY_BLOCK_107_MAC001672,0.22,0.597,0.473,0.331,283.33s,holiday,0.0010000000000000009,0.0020000000000000018,-0.0030000000000000027,0.46,0.42,-0.9
0,STRETCHEDSOCIETY_BLOCK_107_MAC001672,0.198,0.515,0.423,0.303,313.31s,precipType,-0.02099999999999999,-0.04799999999999999,-0.031000000000000028,-9.59,-10.19,-9.28
0,STRETCHEDSOCIETY_BLOCK_107_MAC001672,0.224,0.515,0.481,0.348,261.68s,month,0.0050000000000000044,0.010000000000000009,0.013999999999999957,2.28,2.12,4.19
0,STRETCHEDSOCIETY_BLOCK_107_MAC001672,0.219,0.561,0.471,0.334,276.45s,#,0.0,0.0,0.0,0.0,0.0,0.0
0,STRETCHEDSOCIETY_BLOCK_107_MAC001672,0.22,0.599,0.473,0.331,270.13s,bool_weather_missing_values,0.0010000000000000009,0.0020000000000000018,-0.0030000000000000027,0.46,0.42,-0.9
0,ESTABLISHEDAFFLUENCE_BLOCK_23_MAC004625,0.019,0.23,0.218,0.026,435.64s,dayofweek_num,-0.0010000000000000009,-0.01100000000000001,0.0,-5.0,-4.8,0.0
0,ESTABLISHEDAFFLUENCE_BLOCK_23_MAC004625,0.017,0.195,0.194,0.023,394.00s,hour,-0.002999999999999999,-0.035,-0.002999999999999999,-15.0,-15.28,-11.54
0,ESTABLISHEDAFFLUENCE_BLOCK_23_MAC004625,0.016,0.184,0.179,0.022,944.37s,holiday,-0.004,-0.05000000000000002,-0.004,-20.0,-21.83,-15.38
0,ESTABLISHEDAFFLUENCE_BLOCK_23_MAC004625,0.018,0.215,0.212,0.026,641.63s,month,-0.0020000000000000018,-0.017000000000000015,0.0,-10.0,-7.42,0.0
0,ESTABLISHEDAFFLUENCE_BLOCK_23_MAC004625,0.02,0.24,0.229,0.026,284.23s,#,0.0,0.0,0.0,0.0,0.0,0.0
0,ESTABLISHEDAFFLUENCE_BLOCK_23_MAC004625,0.014,0.157,0.155,0.019,514.21s,bool_weather_missing_values,-0.006,-0.07400000000000001,-0.006999999999999999,-30.0,-32.31,-26.92
0,STRETCHEDSOCIETY_BLOCK_100_MAC002824,0.294,0.903,0.564,0.419,629.66s,dayofweek_num,-0.05399999999999999,-0.039000000000000035,-0.10600000000000004,-15.52,-6.47,-20.19
0,STRETCHEDSOCIETY_BLOCK_100_MAC002824,0.275,0.731,0.497,0.446,566.18s,hour,-0.07299999999999995,-0.10599999999999998,-0.07900000000000001,-20.98,-17.58,-15.05
0,STRETCHEDSOCIETY_BLOCK_100_MAC002824,0.395,1.542,0.798,0.501,419.27s,holiday,0.04700000000000004,0.19500000000000006,-0.02400000000000002,13.51,32.34,-4.57
0,STRETCHEDSOCIETY_BLOCK_100_MAC002824,0.381,1.386,0.775,0.501,340.77s,precipType,0.03300000000000003,0.17200000000000004,-0.02400000000000002,9.48,28.52,-4.57
0,STRETCHEDSOCIETY_BLOCK_100_MAC002824,0.376,0.806,0.773,0.567,334.37s,month,0.028000000000000025,0.17000000000000004,0.041999999999999926,8.05,28.19,8.0
0,STRETCHEDSOCIETY_BLOCK_100_MAC002824,0.348,0.707,0.603,0.525,435.31s,#,0.0,0.0,0.0,0.0,0.0,0.0
0,STRETCHEDSOCIETY_BLOCK_100_MAC002824,0.386,1.268,0.79,0.523,440.03s,bool_weather_missing_values,0.038000000000000034,0.18700000000000006,-0.0020000000000000018,10.92,31.01,-0.38
0,ESTABLISHEDAFFLUENCE_BLOCK_32_MAC002686,0.07,0.276,0.265,0.135,460.91s,dayofweek_num,0.0040000000000000036,0.037000000000000005,-0.011999999999999983,6.06,16.23,-8.16
0,ESTABLISHEDAFFLUENCE_BLOCK_32_MAC002686,0.064,0.223,0.228,0.134,371.27s,hour,-0.0020000000000000018,0.0,-0.012999999999999984,-3.03,0.0,-8.84
0,ESTABLISHEDAFFLUENCE_BLOCK_32_MAC002686,0.07,0.198,0.253,0.151,451.82s,holiday,0.0040000000000000036,0.024999999999999994,0.0040000000000000036,6.06,10.96,2.72
0,ESTABLISHEDAFFLUENCE_BLOCK_32_MAC002686,0.07,0.2,0.253,0.15,552.44s,precipType,0.0040000000000000036,0.024999999999999994,0.0030000000000000027,6.06,10.96,2.04
0,ESTABLISHEDAFFLUENCE_BLOCK_32_MAC002686,0.069,0.192,0.25,0.152,684.06s,month,0.0030000000000000027,0.021999999999999992,0.0050000000000000044,4.55,9.65,3.4
0,ESTABLISHEDAFFLUENCE_BLOCK_32_MAC002686,0.066,0.191,0.228,0.147,550.50s,#,0.0,0.0,0.0,0.0,0.0,0.0
0,ESTABLISHEDAFFLUENCE_BLOCK_32_MAC002686,0.069,0.193,0.249,0.151,529.61s,bool_weather_missing_values,0.0030000000000000027,0.02099999999999999,0.0040000000000000036,4.55,9.21,2.72
0,STRETCHEDSOCIETY_BLOCK_108_MAC005528,0.075,191954.4,0.657,0.1,387.41s,dayofweek_num,0.0,0.008000000000000007,-0.0010000000000000009,0.0,1.23,-0.99
0,STRETCHEDSOCIETY_BLOCK_108_MAC005528,0.072,196797.58,0.652,0.101,353.11s,hour,-0.0030000000000000027,0.0030000000000000027,0.0,-4.0,0.46,0.0
0,STRETCHEDSOCIETY_BLOCK_108_MAC005528,0.076,107317.84,0.687,0.101,421.51s,holiday,0.0010000000000000009,0.038000000000000034,0.0,1.33,5.86,0.0
0,STRETCHEDSOCIETY_BLOCK_108_MAC005528,0.079,191884.11,0.69,0.102,377.92s,precipType,0.0040000000000000036,0.040999999999999925,0.000999999999999987,5.33,6.32,0.99
0,STRETCHEDSOCIETY_BLOCK_108_MAC005528,0.075,177953.11,0.667,0.1,365.64s,month,0.0,0.018000000000000016,-0.0010000000000000009,0.0,2.77,-0.99
0,STRETCHEDSOCIETY_BLOCK_108_MAC005528,0.075,234906.58,0.649,0.101,436.43s,#,0.0,0.0,0.0,0.0,0.0,0.0
0,STRETCHEDSOCIETY_BLOCK_108_MAC005528,0.079,188489.86,0.689,0.102,347.82s,bool_weather_missing_values,0.0040000000000000036,0.039999999999999925,0.000999999999999987,5.33,6.16,0.99
0,ESTABLISHEDAFFLUENCE_BLOCK_34_MAC002265,0.312,0.628,0.325,0.463,373.26s,dayofweek_num,-0.01100000000000001,-0.014000000000000012,-0.0010000000000000009,-3.41,-4.13,-0.22
0,ESTABLISHEDAFFLUENCE_BLOCK_34_MAC002265,0.281,0.457,0.314,0.458,373.17s,hour,-0.04199999999999998,-0.025000000000000022,-0.006000000000000005,-13.0,-7.37,-1.29
0,ESTABLISHEDAFFLUENCE_BLOCK_34_MAC002265,0.304,0.549,0.317,0.492,335.03s,holiday,-0.019000000000000017,-0.02200000000000002,0.02799999999999997,-5.88,-6.49,6.03
0,ESTABLISHEDAFFLUENCE_BLOCK_34_MAC002265,0.303,0.541,0.316,0.494,343.17s,precipType,-0.020000000000000018,-0.02300000000000002,0.02999999999999997,-6.19,-6.78,6.47
0,ESTABLISHEDAFFLUENCE_BLOCK_34_MAC002265,0.32,0.611,0.334,0.484,423.97s,month,-0.0030000000000000027,-0.0050000000000000044,0.019999999999999962,-0.93,-1.47,4.31
0,ESTABLISHEDAFFLUENCE_BLOCK_34_MAC002265,0.323,0.576,0.339,0.464,460.65s,#,0.0,0.0,0.0,0.0,0.0,0.0
0,ESTABLISHEDAFFLUENCE_BLOCK_34_MAC002265,0.304,0.548,0.317,0.492,329.96s,bool_weather_missing_values,-0.019000000000000017,-0.02200000000000002,0.02799999999999997,-5.88,-6.49,6.03
0,STRETCHEDSOCIETY_BLOCK_100_MAC002775,0.137,0.394,0.341,0.204,379.12s,dayofweek_num,-0.031,-0.09099999999999997,-0.04400000000000001,-18.45,-21.06,-17.74
0,STRETCHEDSOCIETY_BLOCK_100_MAC002775,0.143,0.355,0.343,0.225,344.67s,hour,-0.025000000000000022,-0.08899999999999997,-0.022999999999999993,-14.88,-20.6,-9.27
0,STRETCHEDSOCIETY_BLOCK_100_MAC002775,0.17,0.499,0.442,0.259,373.09s,holiday,0.0020000000000000018,0.010000000000000009,0.01100000000000001,1.19,2.31,4.44
0,STRETCHEDSOCIETY_BLOCK_100_MAC002775,0.17,0.608,0.436,0.247,340.64s,precipType,0.0020000000000000018,0.0040000000000000036,-0.0010000000000000009,1.19,0.93,-0.4
0,STRETCHEDSOCIETY_BLOCK_100_MAC002775,0.172,0.62,0.438,0.247,344.88s,month,0.003999999999999976,0.006000000000000005,-0.0010000000000000009,2.38,1.39,-0.4
0,STRETCHEDSOCIETY_BLOCK_100_MAC002775,0.168,0.584,0.432,0.248,336.07s,#,0.0,0.0,0.0,0.0,0.0,0.0
0,STRETCHEDSOCIETY_BLOCK_100_MAC002775,0.179,0.534,0.471,0.268,363.98s,bool_weather_missing_values,0.010999999999999982,0.03899999999999998,0.020000000000000018,6.55,9.03,8.06
0,ESTABLISHEDAFFLUENCE_BLOCK_30_MAC000274,0.653,0.443,0.346,0.814,475.79s,dayofweek_num,-0.02100000000000002,-0.01200000000000001,-0.031000000000000028,-3.12,-3.35,-3.67
0,ESTABLISHEDAFFLUENCE_BLOCK_30_MAC000274,0.535,0.375,0.291,0.688,340.34s,hour,-0.139,-0.067,-0.15700000000000003,-20.62,-18.72,-18.58
0,ESTABLISHEDAFFLUENCE_BLOCK_30_MAC000274,0.675,0.429,0.365,0.883,400.20s,holiday,0.0010000000000000009,0.007000000000000006,0.038000000000000034,0.15,1.96,4.5
0,ESTABLISHEDAFFLUENCE_BLOCK_30_MAC000274,0.637,0.44,0.343,0.823,456.23s,precipType,-0.03700000000000003,-0.014999999999999958,-0.02200000000000002,-5.49,-4.19,-2.6
0,ESTABLISHEDAFFLUENCE_BLOCK_30_MAC000274,0.64,0.447,0.344,0.828,348.86s,month,-0.03400000000000003,-0.014000000000000012,-0.017000000000000015,-5.04,-3.91,-2.01
0,ESTABLISHEDAFFLUENCE_BLOCK_30_MAC000274,0.674,0.507,0.358,0.845,304.24s,#,0.0,0.0,0.0,0.0,0.0,0.0
0,ESTABLISHEDAFFLUENCE_BLOCK_30_MAC000274,0.639,0.433,0.344,0.834,373.24s,bool_weather_missing_values,-0.03500000000000003,-0.014000000000000012,-0.01100000000000001,-5.19,-3.91,-1.3
0,STRETCHEDSOCIETY_BLOCK_106_MAC002318,0.096,0.638,0.458,0.116,384.49s,dayofweek_num,0.0,-0.0030000000000000027,-0.00399999999999999,0.0,-0.65,-3.33
0,STRETCHEDSOCIETY_BLOCK_106_MAC002318,0.083,0.463,0.415,0.104,352.08s,hour,-0.012999999999999998,-0.04600000000000004,-0.016,-13.54,-9.98,-13.33
0,STRETCHEDSOCIETY_BLOCK_106_MAC002318,0.092,0.48,0.445,0.12,1124.41s,holiday,-0.0040000000000000036,-0.016000000000000014,0.0,-4.17,-3.47,0.0
0,STRETCHEDSOCIETY_BLOCK_106_MAC002318,0.086,0.501,0.428,0.114,668.95s,precipType,-0.010000000000000009,-0.03300000000000003,-0.0059999999999999915,-10.42,-7.16,-5.0
0,STRETCHEDSOCIETY_BLOCK_106_MAC002318,0.097,0.631,0.482,0.119,457.73s,month,0.0010000000000000009,0.020999999999999963,-0.0010000000000000009,1.04,4.56,-0.83
0,STRETCHEDSOCIETY_BLOCK_106_MAC002318,0.096,0.662,0.461,0.12,446.44s,#,0.0,0.0,0.0,0.0,0.0,0.0
0,STRETCHEDSOCIETY_BLOCK_106_MAC002318,0.092,0.506,0.447,0.124,1642.15s,bool_weather_missing_values,-0.0040000000000000036,-0.014000000000000012,0.0040000000000000036,-4.17,-3.04,3.33
0,STRETCHEDSOCIETY_BLOCK_106_MAC000653,0.069,1.026,0.508,0.166,872.44s,dayofweek_num,0.007000000000000006,0.056999999999999995,0.02100000000000002,11.29,12.64,14.48
0,STRETCHEDSOCIETY_BLOCK_106_MAC000653,0.063,0.91,0.458,0.147,432.93s,hour,0.0010000000000000009,0.007000000000000006,0.0020000000000000018,1.61,1.55,1.38
0,STRETCHEDSOCIETY_BLOCK_106_MAC000653,0.066,0.868,0.455,0.156,480.23s,holiday,0.0040000000000000036,0.0040000000000000036,0.01100000000000001,6.45,0.89,7.59
0,STRETCHEDSOCIETY_BLOCK_106_MAC000653,0.063,0.941,0.444,0.156,699.73s,precipType,0.0010000000000000009,-0.007000000000000006,0.01100000000000001,1.61,-1.55,7.59
0,STRETCHEDSOCIETY_BLOCK_106_MAC000653,0.091,0.911,0.502,0.235,366.05s,month,0.028999999999999998,0.05099999999999999,0.09,46.77,11.31,62.07
0,STRETCHEDSOCIETY_BLOCK_106_MAC000653,0.062,0.816,0.451,0.145,502.60s,#,0.0,0.0,0.0,0.0,0.0,0.0
0,STRETCHEDSOCIETY_BLOCK_106_MAC000653,0.061,0.87,0.442,0.15,508.99s,bool_weather_missing_values,-0.0010000000000000009,-0.009000000000000008,0.0050000000000000044,-1.61,-2.0,3.45
0,STRETCHEDSOCIETY_BLOCK_105_MAC002054,0.149,0.756,0.54,0.223,1163.26s,dayofweek_num,0.01899999999999999,0.07200000000000001,0.013000000000000012,14.62,15.38,6.19
0,STRETCHEDSOCIETY_BLOCK_105_MAC002054,0.11,0.529,0.39,0.184,350.55s,hour,-0.020000000000000004,-0.07800000000000001,-0.025999999999999995,-15.38,-16.67,-12.38
0,STRETCHEDSOCIETY_BLOCK_105_MAC002054,0.12,0.497,0.445,0.201,455.57s,holiday,-0.010000000000000009,-0.02300000000000002,-0.00899999999999998,-7.69,-4.91,-4.29
0,STRETCHEDSOCIETY_BLOCK_105_MAC002054,0.123,0.583,0.445,0.19,705.45s,precipType,-0.007000000000000006,-0.02300000000000002,-0.01999999999999999,-5.38,-4.91,-9.52
0,STRETCHEDSOCIETY_BLOCK_105_MAC002054,0.145,0.667,0.469,0.241,853.78s,month,0.014999999999999986,0.0009999999999999454,0.031,11.54,0.21,14.76
0,STRETCHEDSOCIETY_BLOCK_105_MAC002054,0.13,0.577,0.468,0.21,538.60s,#,0.0,0.0,0.0,0.0,0.0,0.0
0,STRETCHEDSOCIETY_BLOCK_105_MAC002054,0.115,0.457,0.424,0.196,400.58s,bool_weather_missing_values,-0.015,-0.04400000000000004,-0.013999999999999985,-11.54,-9.4,-6.67
0,ESTABLISHEDAFFLUENCE_BLOCK_40_MAC000459,0.077,0.324,0.266,0.113,349.85s,dayofweek_num,0.0050000000000000044,0.017000000000000015,0.0040000000000000036,6.94,6.83,3.67
0,ESTABLISHEDAFFLUENCE_BLOCK_40_MAC000459,0.071,0.27,0.245,0.109,494.59s,hour,-0.0010000000000000009,-0.0040000000000000036,0.0,-1.39,-1.61,0.0
0,ESTABLISHEDAFFLUENCE_BLOCK_40_MAC000459,0.069,0.283,0.24,0.103,1060.94s,holiday,-0.002999999999999989,-0.009000000000000008,-0.006000000000000005,-4.17,-3.61,-5.5
0,ESTABLISHEDAFFLUENCE_BLOCK_40_MAC000459,0.081,0.331,0.286,0.111,380.96s,precipType,0.009000000000000008,0.03699999999999998,0.0020000000000000018,12.5,14.86,1.83
0,ESTABLISHEDAFFLUENCE_BLOCK_40_MAC000459,0.09,0.366,0.317,0.124,473.04s,month,0.018000000000000002,0.068,0.015,25.0,27.31,13.76
0,ESTABLISHEDAFFLUENCE_BLOCK_40_MAC000459,0.072,0.278,0.249,0.109,414.64s,#,0.0,0.0,0.0,0.0,0.0,0.0
0,ESTABLISHEDAFFLUENCE_BLOCK_40_MAC000459,0.077,0.322,0.269,0.109,577.57s,bool_weather_missing_values,0.0050000000000000044,0.020000000000000018,0.0,6.94,8.03,0.0
0,STRETCHEDSOCIETY_BLOCK_109_MAC002196,0.103,0.665,0.674,0.24,300.38s,dayofweek_num,0.0010000000000000009,0.006000000000000005,0.0,0.98,0.9,0.0
0,STRETCHEDSOCIETY_BLOCK_109_MAC002196,0.101,0.61,0.639,0.236,359.87s,hour,-0.000999999999999987,-0.029000000000000026,-0.0040000000000000036,-0.98,-4.34,-1.67
0,STRETCHEDSOCIETY_BLOCK_109_MAC002196,0.099,0.632,0.629,0.218,503.45s,holiday,-0.002999999999999989,-0.039000000000000035,-0.021999999999999992,-2.94,-5.84,-9.17
0,STRETCHEDSOCIETY_BLOCK_109_MAC002196,0.101,0.667,0.655,0.238,322.93s,precipType,-0.000999999999999987,-0.013000000000000012,-0.0020000000000000018,-0.98,-1.95,-0.83
0,STRETCHEDSOCIETY_BLOCK_109_MAC002196,0.102,0.63,0.662,0.239,460.74s,month,0.0,-0.006000000000000005,-0.0010000000000000009,0.0,-0.9,-0.42
0,STRETCHEDSOCIETY_BLOCK_109_MAC002196,0.102,0.633,0.668,0.24,319.64s,#,0.0,0.0,0.0,0.0,0.0,0.0
0,STRETCHEDSOCIETY_BLOCK_109_MAC002196,0.101,0.667,0.654,0.238,323.15s,bool_weather_missing_values,-0.000999999999999987,-0.014000000000000012,-0.0020000000000000018,-0.98,-2.1,-0.83
0,STRETCHEDSOCIETY_BLOCK_107_MAC001673,0.165,0.495,0.436,0.339,362.33s,dayofweek_num,0.009000000000000008,0.04299999999999998,0.050000000000000044,5.77,10.94,17.3
0,STRETCHEDSOCIETY_BLOCK_107_MAC001673,0.143,0.542,0.377,0.27,647.18s,hour,-0.013000000000000012,-0.016000000000000014,-0.01899999999999996,-8.33,-4.07,-6.57
0,STRETCHEDSOCIETY_BLOCK_107_MAC001673,0.163,0.474,0.443,0.341,346.22s,holiday,0.007000000000000006,0.04999999999999999,0.052000000000000046,4.49,12.72,17.99
0,STRETCHEDSOCIETY_BLOCK_107_MAC001673,0.158,0.406,0.439,0.334,709.92s,precipType,0.0020000000000000018,0.045999999999999985,0.04500000000000004,1.28,11.7,15.57
0,STRETCHEDSOCIETY_BLOCK_107_MAC001673,0.148,0.554,0.402,0.273,451.51s,month,-0.008000000000000007,0.009000000000000008,-0.01599999999999996,-5.13,2.29,-5.54
0,STRETCHEDSOCIETY_BLOCK_107_MAC001673,0.156,0.591,0.393,0.289,484.04s,#,0.0,0.0,0.0,0.0,0.0,0.0
0,STRETCHEDSOCIETY_BLOCK_107_MAC001673,0.164,0.477,0.444,0.341,353.95s,bool_weather_missing_values,0.008000000000000007,0.05099999999999999,0.052000000000000046,5.13,12.98,17.99
0,STRETCHEDSOCIETY_BLOCK_95_MAC000365,0.089,0.592,0.619,0.144,432.74s,dayofweek_num,-0.010000000000000009,-0.10299999999999998,-0.016000000000000014,-10.1,-14.27,-10.0
0,STRETCHEDSOCIETY_BLOCK_95_MAC000365,0.075,0.466,0.523,0.131,375.76s,hour,-0.024000000000000007,-0.19899999999999995,-0.028999999999999998,-24.24,-27.56,-18.13
0,STRETCHEDSOCIETY_BLOCK_95_MAC000365,0.095,0.762,0.635,0.15,714.40s,holiday,-0.0040000000000000036,-0.08699999999999997,-0.010000000000000009,-4.04,-12.05,-6.25
0,STRETCHEDSOCIETY_BLOCK_95_MAC000365,0.095,0.541,0.661,0.157,480.54s,precipType,-0.0040000000000000036,-0.06099999999999994,-0.0030000000000000027,-4.04,-8.45,-1.88
0,STRETCHEDSOCIETY_BLOCK_95_MAC000365,0.098,0.551,0.705,0.159,395.37s,month,-0.0010000000000000009,-0.017000000000000015,-0.0010000000000000009,-1.01,-2.35,-0.62
0,STRETCHEDSOCIETY_BLOCK_95_MAC000365,0.099,0.54,0.722,0.16,388.68s,#,0.0,0.0,0.0,0.0,0.0,0.0
0,STRETCHEDSOCIETY_BLOCK_95_MAC000365,0.09,0.516,0.627,0.149,998.39s,bool_weather_missing_values,-0.009000000000000008,-0.09499999999999997,-0.01100000000000001,-9.09,-13.16,-6.88
0,ESTABLISHEDAFFLUENCE_BLOCK_28_MAC004895,0.337,0.646,0.41,0.493,432.66s,dayofweek_num,-0.174,-0.312,-0.30100000000000005,-34.05,-43.21,-37.91
0,ESTABLISHEDAFFLUENCE_BLOCK_28_MAC004895,0.253,0.419,0.332,0.398,451.09s,hour,-0.258,-0.38999999999999996,-0.396,-50.49,-54.02,-49.87
0,ESTABLISHEDAFFLUENCE_BLOCK_28_MAC004895,0.298,0.595,0.383,0.437,753.12s,holiday,-0.21300000000000002,-0.33899999999999997,-0.35700000000000004,-41.68,-46.95,-44.96
0,ESTABLISHEDAFFLUENCE_BLOCK_28_MAC004895,0.285,0.539,0.387,0.426,463.09s,precipType,-0.22600000000000003,-0.33499999999999996,-0.36800000000000005,-44.23,-46.4,-46.35
0,ESTABLISHEDAFFLUENCE_BLOCK_28_MAC004895,0.471,0.559,0.63,0.742,733.68s,month,-0.040000000000000036,-0.09199999999999997,-0.052000000000000046,-7.83,-12.74,-6.55
0,ESTABLISHEDAFFLUENCE_BLOCK_28_MAC004895,0.511,0.626,0.722,0.794,550.71s,#,0.0,0.0,0.0,0.0,0.0,0.0
0,ESTABLISHEDAFFLUENCE_BLOCK_28_MAC004895,0.296,0.463,0.395,0.447,561.83s,bool_weather_missing_values,-0.21500000000000002,-0.32699999999999996,-0.34700000000000003,-42.07,-45.29,-43.7
0,STRETCHEDSOCIETY_BLOCK_98_MAC004934,0.124,0.303,0.275,0.204,415.55s,dayofweek_num,-0.023999999999999994,-0.04799999999999999,-0.04300000000000001,-16.22,-14.86,-17.41
0,STRETCHEDSOCIETY_BLOCK_98_MAC004934,0.127,0.301,0.288,0.216,380.46s,hour,-0.02099999999999999,-0.03500000000000003,-0.031,-14.19,-10.84,-12.55
0,STRETCHEDSOCIETY_BLOCK_98_MAC004934,0.129,0.304,0.281,0.216,575.16s,holiday,-0.01899999999999999,-0.04199999999999998,-0.031,-12.84,-13.0,-12.55
0,STRETCHEDSOCIETY_BLOCK_98_MAC004934,0.143,0.373,0.325,0.218,422.90s,precipType,-0.0050000000000000044,0.0020000000000000018,-0.028999999999999998,-3.38,0.62,-11.74
0,STRETCHEDSOCIETY_BLOCK_98_MAC004934,0.161,0.407,0.357,0.244,412.00s,month,0.013000000000000012,0.033999999999999975,-0.0030000000000000027,8.78,10.53,-1.21
0,STRETCHEDSOCIETY_BLOCK_98_MAC004934,0.148,0.38,0.323,0.247,746.54s,#,0.0,0.0,0.0,0.0,0.0,0.0
0,STRETCHEDSOCIETY_BLOCK_98_MAC004934,0.138,0.317,0.313,0.236,398.54s,bool_weather_missing_values,-0.009999999999999981,-0.010000000000000009,-0.01100000000000001,-6.76,-3.1,-4.45
0,ESTABLISHEDAFFLUENCE_BLOCK_31_MAC001378,0.107,0.485,0.602,0.185,507.08s,dayofweek_num,-0.0030000000000000027,0.01200000000000001,-0.018000000000000016,-2.73,2.03,-8.87
0,ESTABLISHEDAFFLUENCE_BLOCK_31_MAC001378,0.111,0.463,0.598,0.201,374.65s,hour,0.0010000000000000009,0.008000000000000007,-0.0020000000000000018,0.91,1.36,-0.99
0,ESTABLISHEDAFFLUENCE_BLOCK_31_MAC001378,0.117,0.65,0.631,0.209,911.86s,holiday,0.007000000000000006,0.041000000000000036,0.005999999999999978,6.36,6.95,2.96
0,ESTABLISHEDAFFLUENCE_BLOCK_31_MAC001378,0.112,0.527,0.607,0.2,618.66s,precipType,0.0020000000000000018,0.017000000000000015,-0.0030000000000000027,1.82,2.88,-1.48
0,ESTABLISHEDAFFLUENCE_BLOCK_31_MAC001378,0.109,0.445,0.585,0.202,702.30s,month,-0.0010000000000000009,-0.0050000000000000044,-0.0010000000000000009,-0.91,-0.85,-0.49
0,ESTABLISHEDAFFLUENCE_BLOCK_31_MAC001378,0.11,0.442,0.59,0.203,663.50s,#,0.0,0.0,0.0,0.0,0.0,0.0
0,ESTABLISHEDAFFLUENCE_BLOCK_31_MAC001378,0.113,0.523,0.633,0.2,424.27s,bool_weather_missing_values,0.0030000000000000027,0.04300000000000004,-0.0030000000000000027,2.73,7.29,-1.48
0,STRETCHEDSOCIETY_BLOCK_104_MAC004481,0.101,0.47,0.419,0.236,349.16s,dayofweek_num,0.0010000000000000009,0.007000000000000006,0.0,1.0,1.7,0.0
0,STRETCHEDSOCIETY_BLOCK_104_MAC004481,0.1,0.466,0.416,0.229,348.61s,hour,0.0,0.0040000000000000036,-0.0069999999999999785,0.0,0.97,-2.97
0,STRETCHEDSOCIETY_BLOCK_104_MAC004481,0.1,0.449,0.411,0.236,465.80s,holiday,0.0,-0.0010000000000000009,0.0,0.0,-0.24,0.0
0,STRETCHEDSOCIETY_BLOCK_104_MAC004481,0.101,0.495,0.424,0.234,338.11s,precipType,0.0010000000000000009,0.01200000000000001,-0.001999999999999974,1.0,2.91,-0.85
0,STRETCHEDSOCIETY_BLOCK_104_MAC004481,0.103,0.522,0.433,0.233,337.11s,month,0.002999999999999989,0.02100000000000002,-0.002999999999999975,3.0,5.1,-1.27
0,STRETCHEDSOCIETY_BLOCK_104_MAC004481,0.1,0.457,0.412,0.236,330.62s,#,0.0,0.0,0.0,0.0,0.0,0.0
0,STRETCHEDSOCIETY_BLOCK_104_MAC004481,0.1,0.448,0.413,0.237,341.06s,bool_weather_missing_values,0.0,0.0010000000000000009,0.0010000000000000009,0.0,0.24,0.42
0,ESTABLISHEDAFFLUENCE_BLOCK_23_MAC000164,0.164,1.663,0.747,0.353,422.94s,dayofweek_num,-0.012999999999999984,0.08299999999999996,-0.057999999999999996,-7.34,12.5,-14.11
0,ESTABLISHEDAFFLUENCE_BLOCK_23_MAC000164,0.176,0.43,0.661,0.409,589.24s,hour,-0.0010000000000000009,-0.0030000000000000027,-0.0020000000000000018,-0.56,-0.45,-0.49
0,ESTABLISHEDAFFLUENCE_BLOCK_23_MAC000164,0.176,0.46,0.675,0.409,309.14s,holiday,-0.0010000000000000009,0.01100000000000001,-0.0020000000000000018,-0.56,1.66,-0.49
0,ESTABLISHEDAFFLUENCE_BLOCK_23_MAC000164,0.176,0.491,0.696,0.409,299.58s,precipType,-0.0010000000000000009,0.03199999999999992,-0.0020000000000000018,-0.56,4.82,-0.49
0,ESTABLISHEDAFFLUENCE_BLOCK_23_MAC000164,0.176,0.48,0.687,0.409,545.40s,month,-0.0010000000000000009,0.02300000000000002,-0.0020000000000000018,-0.56,3.46,-0.49
0,ESTABLISHEDAFFLUENCE_BLOCK_23_MAC000164,0.177,0.42,0.664,0.411,278.17s,#,0.0,0.0,0.0,0.0,0.0,0.0
0,ESTABLISHEDAFFLUENCE_BLOCK_23_MAC000164,0.175,0.414,0.638,0.408,509.41s,bool_weather_missing_values,-0.0020000000000000018,-0.026000000000000023,-0.0030000000000000027,-1.13,-3.92,-0.73
0,STRETCHEDSOCIETY_BLOCK_102_MAC003980,0.112,1.534,0.506,0.162,801.11s,dayofweek_num,-0.0030000000000000027,-0.027000000000000024,0.0,-2.61,-5.07,0.0
0,STRETCHEDSOCIETY_BLOCK_102_MAC003980,0.107,1.62,0.518,0.149,377.97s,hour,-0.008000000000000007,-0.015000000000000013,-0.013000000000000012,-6.96,-2.81,-8.02
0,STRETCHEDSOCIETY_BLOCK_102_MAC003980,0.133,1.718,0.627,0.178,336.43s,holiday,0.018000000000000002,0.09399999999999997,0.015999999999999986,15.65,17.64,9.88
0,STRETCHEDSOCIETY_BLOCK_102_MAC003980,0.13,1.612,0.61,0.179,387.52s,precipType,0.015,0.07699999999999996,0.016999999999999987,13.04,14.45,10.49
0,STRETCHEDSOCIETY_BLOCK_102_MAC003980,0.131,1.707,0.611,0.178,346.05s,month,0.016,0.07799999999999996,0.015999999999999986,13.91,14.63,9.88
0,STRETCHEDSOCIETY_BLOCK_102_MAC003980,0.115,1.683,0.533,0.162,391.97s,#,0.0,0.0,0.0,0.0,0.0,0.0
0,STRETCHEDSOCIETY_BLOCK_102_MAC003980,0.116,1.467,0.583,0.161,441.55s,bool_weather_missing_values,0.0010000000000000009,0.04999999999999993,-0.0010000000000000009,0.87,9.38,-0.62
0,ESTABLISHEDAFFLUENCE_BLOCK_10_MAC001221,0.217,0.566,0.524,0.354,341.90s,dayofweek_num,0.013999999999999985,0.03400000000000003,-0.006000000000000005,6.9,6.94,-1.67
0,ESTABLISHEDAFFLUENCE_BLOCK_10_MAC001221,0.182,0.472,0.405,0.306,381.59s,hour,-0.02100000000000002,-0.08499999999999996,-0.05399999999999999,-10.34,-17.35,-15.0
0,ESTABLISHEDAFFLUENCE_BLOCK_10_MAC001221,0.202,0.411,0.483,0.363,365.44s,holiday,-0.0010000000000000009,-0.007000000000000006,0.0030000000000000027,-0.49,-1.43,0.83
0,ESTABLISHEDAFFLUENCE_BLOCK_10_MAC001221,0.203,0.464,0.495,0.353,372.21s,precipType,0.0,0.0050000000000000044,-0.007000000000000006,0.0,1.02,-1.94
0,ESTABLISHEDAFFLUENCE_BLOCK_10_MAC001221,0.179,0.344,0.397,0.34,428.75s,month,-0.02400000000000002,-0.09299999999999997,-0.019999999999999962,-11.82,-18.98,-5.56
0,ESTABLISHEDAFFLUENCE_BLOCK_10_MAC001221,0.203,0.433,0.49,0.36,320.36s,#,0.0,0.0,0.0,0.0,0.0,0.0
0,ESTABLISHEDAFFLUENCE_BLOCK_10_MAC001221,0.202,0.421,0.486,0.362,321.59s,bool_weather_missing_values,-0.0010000000000000009,-0.0040000000000000036,0.0020000000000000018,-0.49,-0.82,0.56
0,ESTABLISHEDAFFLUENCE_BLOCK_10_MAC002036,0.011,0.275,0.282,0.017,813.76s,dayofweek_num,0.002,0.06899999999999998,0.0,22.22,32.39,0.0
0,ESTABLISHEDAFFLUENCE_BLOCK_10_MAC002036,0.009,0.155,0.199,0.017,505.68s,hour,0.0,-0.013999999999999985,0.0,0.0,-6.57,0.0
0,ESTABLISHEDAFFLUENCE_BLOCK_10_MAC002036,0.009,0.167,0.209,0.017,993.36s,holiday,0.0,-0.0040000000000000036,0.0,0.0,-1.88,0.0
0,ESTABLISHEDAFFLUENCE_BLOCK_10_MAC002036,0.009,0.183,0.225,0.018,921.99s,precipType,0.0,0.01200000000000001,0.0009999999999999974,0.0,5.63,5.88
0,ESTABLISHEDAFFLUENCE_BLOCK_10_MAC002036,0.009,0.188,0.222,0.018,1127.87s,month,0.0,0.009000000000000008,0.0009999999999999974,0.0,4.23,5.88
0,ESTABLISHEDAFFLUENCE_BLOCK_10_MAC002036,0.009,0.171,0.213,0.017,1266.48s,#,0.0,0.0,0.0,0.0,0.0,0.0
0,ESTABLISHEDAFFLUENCE_BLOCK_10_MAC002036,0.011,0.237,0.267,0.019,624.96s,bool_weather_missing_values,0.002,0.05400000000000002,0.0019999999999999983,22.22,25.35,11.76
0,ESTABLISHEDAFFLUENCE_BLOCK_22_MAC004736,0.043,0.293,0.378,0.07,335.67s,dayofweek_num,-0.006000000000000005,-0.03799999999999998,-0.000999999999999987,-12.24,-9.13,-1.41
0,ESTABLISHEDAFFLUENCE_BLOCK_22_MAC004736,0.036,0.297,0.297,0.057,410.17s,hour,-0.013000000000000005,-0.119,-0.013999999999999992,-26.53,-28.61,-19.72
0,ESTABLISHEDAFFLUENCE_BLOCK_22_MAC004736,0.047,0.304,0.405,0.074,311.16s,holiday,-0.0020000000000000018,-0.010999999999999954,0.0030000000000000027,-4.08,-2.64,4.23
0,ESTABLISHEDAFFLUENCE_BLOCK_22_MAC004736,0.038,0.293,0.328,0.061,676.05s,precipType,-0.011000000000000003,-0.08799999999999997,-0.009999999999999995,-22.45,-21.15,-14.08
0,ESTABLISHEDAFFLUENCE_BLOCK_22_MAC004736,0.044,0.307,0.375,0.069,662.07s,month,-0.0050000000000000044,-0.04099999999999998,-0.001999999999999988,-10.2,-9.86,-2.82
0,ESTABLISHEDAFFLUENCE_BLOCK_22_MAC004736,0.049,0.435,0.416,0.071,506.05s,#,0.0,0.0,0.0,0.0,0.0,0.0
0,ESTABLISHEDAFFLUENCE_BLOCK_22_MAC004736,0.039,0.309,0.34,0.062,718.18s,bool_weather_missing_values,-0.010000000000000002,-0.07599999999999996,-0.008999999999999994,-20.41,-18.27,-12.68
0,STRETCHEDSOCIETY_BLOCK_95_MAC004066,0.169,0.298,0.295,0.339,742.98s,dayofweek_num,-0.017999999999999988,0.0040000000000000036,-0.07099999999999995,-9.63,1.37,-17.32
0,STRETCHEDSOCIETY_BLOCK_95_MAC004066,0.177,0.294,0.279,0.376,883.25s,hour,-0.010000000000000009,-0.011999999999999955,-0.033999999999999975,-5.35,-4.12,-8.29
0,STRETCHEDSOCIETY_BLOCK_95_MAC004066,0.186,0.272,0.294,0.419,571.55s,holiday,-0.0010000000000000009,0.0030000000000000027,0.009000000000000008,-0.53,1.03,2.2
0,STRETCHEDSOCIETY_BLOCK_95_MAC004066,0.176,0.288,0.287,0.378,712.79s,precipType,-0.01100000000000001,-0.0040000000000000036,-0.03199999999999997,-5.88,-1.37,-7.8
0,STRETCHEDSOCIETY_BLOCK_95_MAC004066,0.186,0.284,0.301,0.411,522.51s,month,-0.0010000000000000009,0.010000000000000009,0.0010000000000000009,-0.53,3.44,0.24
0,STRETCHEDSOCIETY_BLOCK_95_MAC004066,0.187,0.277,0.291,0.41,460.73s,#,0.0,0.0,0.0,0.0,0.0,0.0
0,STRETCHEDSOCIETY_BLOCK_95_MAC004066,0.184,0.274,0.289,0.407,513.08s,bool_weather_missing_values,-0.0030000000000000027,-0.0020000000000000018,-0.0030000000000000027,-1.6,-0.69,-0.73
0,STRETCHEDSOCIETY_BLOCK_102_MAC003964,0.109,0.401,0.51,0.151,653.32s,dayofweek_num,0.0010000000000000009,0.030000000000000027,0.015999999999999986,0.93,6.25,11.85
0,STRETCHEDSOCIETY_BLOCK_102_MAC003964,0.095,0.393,0.437,0.142,335.80s,hour,-0.012999999999999998,-0.04299999999999998,0.0069999999999999785,-12.04,-8.96,5.19
0,STRETCHEDSOCIETY_BLOCK_102_MAC003964,0.107,0.498,0.478,0.142,324.71s,holiday,-0.0010000000000000009,-0.0020000000000000018,0.0069999999999999785,-0.93,-0.42,5.19
0,STRETCHEDSOCIETY_BLOCK_102_MAC003964,0.106,0.478,0.476,0.141,365.66s,precipType,-0.0020000000000000018,-0.0040000000000000036,0.005999999999999978,-1.85,-0.83,4.44
0,STRETCHEDSOCIETY_BLOCK_102_MAC003964,0.115,0.404,0.525,0.167,331.40s,month,0.007000000000000006,0.04500000000000004,0.032,6.48,9.38,23.7
0,STRETCHEDSOCIETY_BLOCK_102_MAC003964,0.108,0.636,0.48,0.135,318.16s,#,0.0,0.0,0.0,0.0,0.0,0.0
0,STRETCHEDSOCIETY_BLOCK_102_MAC003964,0.107,0.498,0.478,0.142,325.20s,bool_weather_missing_values,-0.0010000000000000009,-0.0020000000000000018,0.0069999999999999785,-0.93,-0.42,5.19
0,STRETCHEDSOCIETY_BLOCK_96_MAC001188,0.123,0.585,0.416,0.198,372.87s,dayofweek_num,0.013999999999999999,0.02699999999999997,0.020000000000000018,12.84,6.94,11.24
0,STRETCHEDSOCIETY_BLOCK_96_MAC001188,0.11,0.588,0.355,0.193,445.66s,hour,0.0010000000000000009,-0.03400000000000003,0.015000000000000013,0.92,-8.74,8.43
0,STRETCHEDSOCIETY_BLOCK_96_MAC001188,0.12,0.561,0.373,0.199,409.42s,holiday,0.010999999999999996,-0.016000000000000014,0.02100000000000002,10.09,-4.11,11.8
0,STRETCHEDSOCIETY_BLOCK_96_MAC001188,0.105,0.464,0.358,0.177,441.78s,precipType,-0.0040000000000000036,-0.031000000000000028,-0.0010000000000000009,-3.67,-7.97,-0.56
0,STRETCHEDSOCIETY_BLOCK_96_MAC001188,0.102,0.467,0.357,0.167,468.83s,month,-0.007000000000000006,-0.03200000000000003,-0.010999999999999982,-6.42,-8.23,-6.18
0,STRETCHEDSOCIETY_BLOCK_96_MAC001188,0.109,0.513,0.389,0.178,451.71s,#,0.0,0.0,0.0,0.0,0.0,0.0
0,STRETCHEDSOCIETY_BLOCK_96_MAC001188,0.111,0.511,0.373,0.194,646.69s,bool_weather_missing_values,0.0020000000000000018,-0.016000000000000014,0.016000000000000014,1.83,-4.11,8.99
0,ESTABLISHEDAFFLUENCE_BLOCK_28_MAC004904,0.041,30115.0,0.514,0.064,402.04s,dayofweek_num,0.0,-0.0050000000000000044,0.0,0.0,-0.96,0.0
0,ESTABLISHEDAFFLUENCE_BLOCK_28_MAC004904,0.037,26113.982,0.476,0.062,389.11s,hour,-0.0040000000000000036,-0.04300000000000004,-0.0020000000000000018,-9.76,-8.29,-3.12
0,ESTABLISHEDAFFLUENCE_BLOCK_28_MAC004904,0.037,23440.902,0.482,0.056,423.23s,holiday,-0.0040000000000000036,-0.03700000000000003,-0.008,-9.76,-7.13,-12.5
0,ESTABLISHEDAFFLUENCE_BLOCK_28_MAC004904,0.036,20714.434,0.482,0.057,520.36s,precipType,-0.0050000000000000044,-0.03700000000000003,-0.006999999999999999,-12.2,-7.13,-10.94
0,ESTABLISHEDAFFLUENCE_BLOCK_28_MAC004904,0.04,33080.56,0.498,0.06,379.56s,month,-0.0010000000000000009,-0.02100000000000002,-0.0040000000000000036,-2.44,-4.05,-6.25
0,ESTABLISHEDAFFLUENCE_BLOCK_28_MAC004904,0.041,18795.268,0.519,0.064,406.63s,#,0.0,0.0,0.0,0.0,0.0,0.0
0,ESTABLISHEDAFFLUENCE_BLOCK_28_MAC004904,0.039,7271.253,0.501,0.063,447.13s,bool_weather_missing_values,-0.0020000000000000018,-0.018000000000000016,-0.0010000000000000009,-4.88,-3.47,-1.56
0,STRETCHEDSOCIETY_BLOCK_106_MAC001460,0.028,0.449,0.393,0.043,341.25s,dayofweek_num,0.0,0.0010000000000000009,-0.0010000000000000009,0.0,0.26,-2.27
0,STRETCHEDSOCIETY_BLOCK_106_MAC001460,0.028,0.445,0.386,0.042,361.56s,hour,0.0,-0.006000000000000005,-0.001999999999999995,0.0,-1.53,-4.55
0,STRETCHEDSOCIETY_BLOCK_106_MAC001460,0.028,0.447,0.392,0.043,329.93s,holiday,0.0,0.0,-0.0010000000000000009,0.0,0.0,-2.27
0,STRETCHEDSOCIETY_BLOCK_106_MAC001460,0.028,0.449,0.392,0.043,334.08s,precipType,0.0,0.0,-0.0010000000000000009,0.0,0.0,-2.27
0,STRETCHEDSOCIETY_BLOCK_106_MAC001460,0.028,0.444,0.392,0.043,345.15s,month,0.0,0.0,-0.0010000000000000009,0.0,0.0,-2.27
0,STRETCHEDSOCIETY_BLOCK_106_MAC001460,0.028,0.441,0.392,0.044,336.49s,#,0.0,0.0,0.0,0.0,0.0,0.0
0,STRETCHEDSOCIETY_BLOCK_106_MAC001460,0.028,0.447,0.392,0.043,330.85s,bool_weather_missing_values,0.0,0.0,-0.0010000000000000009,0.0,0.0,-2.27
0,STRETCHEDSOCIETY_BLOCK_107_MAC001744,0.526,1.318,1.103,0.909,343.93s,dayofweek_num,0.016000000000000014,0.124,0.07700000000000007,3.14,12.67,9.25
0,STRETCHEDSOCIETY_BLOCK_107_MAC001744,0.46,1.09,0.79,0.858,422.98s,hour,-0.04999999999999999,-0.18899999999999995,0.026000000000000023,-9.8,-19.31,3.12
0,STRETCHEDSOCIETY_BLOCK_107_MAC001744,0.652,3.063,1.007,1.009,401.16s,holiday,0.14200000000000002,0.027999999999999914,0.17699999999999994,27.84,2.86,21.27
0,STRETCHEDSOCIETY_BLOCK_107_MAC001744,0.501,2.012,0.958,0.853,331.99s,precipType,-0.009000000000000008,-0.02100000000000002,0.02100000000000002,-1.76,-2.15,2.52
0,STRETCHEDSOCIETY_BLOCK_107_MAC001744,0.755,5.595,1.257,1.131,436.17s,month,0.245,0.2779999999999999,0.29900000000000004,48.04,28.4,35.94
0,STRETCHEDSOCIETY_BLOCK_107_MAC001744,0.51,2.582,0.979,0.832,342.99s,#,0.0,0.0,0.0,0.0,0.0,0.0
0,STRETCHEDSOCIETY_BLOCK_107_MAC001744,0.517,1.673,0.944,0.9,400.40s,bool_weather_missing_values,0.007000000000000006,-0.03500000000000003,0.06800000000000006,1.37,-3.58,8.17
0,ESTABLISHEDAFFLUENCE_BLOCK_28_MAC005217,0.09,0.413,0.406,0.196,337.60s,dayofweek_num,-0.047000000000000014,-0.278,-0.0030000000000000027,-34.31,-40.64,-1.51
0,ESTABLISHEDAFFLUENCE_BLOCK_28_MAC005217,0.139,0.993,0.586,0.213,338.24s,hour,0.0020000000000000018,-0.09800000000000009,0.013999999999999985,1.46,-14.33,7.04
0,ESTABLISHEDAFFLUENCE_BLOCK_28_MAC005217,0.097,0.524,0.491,0.193,323.52s,holiday,-0.04000000000000001,-0.19300000000000006,-0.006000000000000005,-29.2,-28.22,-3.02
0,ESTABLISHEDAFFLUENCE_BLOCK_28_MAC005217,0.092,0.327,0.44,0.206,344.35s,precipType,-0.04500000000000001,-0.24400000000000005,0.0069999999999999785,-32.85,-35.67,3.52
0,ESTABLISHEDAFFLUENCE_BLOCK_28_MAC005217,0.133,0.99,0.591,0.206,364.44s,month,-0.0040000000000000036,-0.09300000000000008,0.0069999999999999785,-2.92,-13.6,3.52
0,ESTABLISHEDAFFLUENCE_BLOCK_28_MAC005217,0.137,1.1,0.684,0.199,316.76s,#,0.0,0.0,0.0,0.0,0.0,0.0
0,ESTABLISHEDAFFLUENCE_BLOCK_28_MAC005217,0.097,0.523,0.49,0.193,333.06s,bool_weather_missing_values,-0.04000000000000001,-0.19400000000000006,-0.006000000000000005,-29.2,-28.36,-3.02
0,STRETCHEDSOCIETY_BLOCK_109_MAC000529,0.104,0.65,0.423,0.137,395.00s,dayofweek_num,-0.01100000000000001,-0.02100000000000002,-0.01999999999999999,-9.57,-4.73,-12.74
0,STRETCHEDSOCIETY_BLOCK_109_MAC000529,0.103,0.614,0.419,0.135,374.86s,hour,-0.01200000000000001,-0.025000000000000022,-0.021999999999999992,-10.43,-5.63,-14.01
0,STRETCHEDSOCIETY_BLOCK_109_MAC000529,0.103,0.637,0.414,0.139,406.09s,holiday,-0.01200000000000001,-0.030000000000000027,-0.017999999999999988,-10.43,-6.76,-11.46
0,STRETCHEDSOCIETY_BLOCK_109_MAC000529,0.102,0.619,0.419,0.133,490.78s,precipType,-0.013000000000000012,-0.025000000000000022,-0.023999999999999994,-11.3,-5.63,-15.29
0,STRETCHEDSOCIETY_BLOCK_109_MAC000529,0.106,0.644,0.423,0.139,365.56s,month,-0.009000000000000008,-0.02100000000000002,-0.017999999999999988,-7.83,-4.73,-11.46
0,STRETCHEDSOCIETY_BLOCK_109_MAC000529,0.115,0.708,0.444,0.157,409.51s,#,0.0,0.0,0.0,0.0,0.0,0.0
0,STRETCHEDSOCIETY_BLOCK_109_MAC000529,0.101,0.621,0.409,0.135,465.06s,bool_weather_missing_values,-0.013999999999999999,-0.03500000000000003,-0.021999999999999992,-12.17,-7.88,-14.01
0,ESTABLISHEDAFFLUENCE_BLOCK_40_MAC005359,0.147,0.406,0.45,0.284,672.62s,dayofweek_num,-0.0010000000000000009,-0.021999999999999964,-0.03200000000000003,-0.68,-4.66,-10.13
0,ESTABLISHEDAFFLUENCE_BLOCK_40_MAC005359,0.137,0.433,0.377,0.292,365.70s,hour,-0.010999999999999982,-0.09499999999999997,-0.02400000000000002,-7.43,-20.13,-7.59
0,ESTABLISHEDAFFLUENCE_BLOCK_40_MAC005359,0.179,0.426,0.609,0.361,334.33s,holiday,0.031,0.137,0.044999999999999984,20.95,29.03,14.24
0,ESTABLISHEDAFFLUENCE_BLOCK_40_MAC005359,0.143,0.301,0.407,0.32,867.82s,precipType,-0.0050000000000000044,-0.065,0.0040000000000000036,-3.38,-13.77,1.27
0,ESTABLISHEDAFFLUENCE_BLOCK_40_MAC005359,0.139,0.358,0.394,0.312,725.61s,month,-0.00899999999999998,-0.07799999999999996,-0.0040000000000000036,-6.08,-16.53,-1.27
0,ESTABLISHEDAFFLUENCE_BLOCK_40_MAC005359,0.148,0.387,0.472,0.316,990.26s,#,0.0,0.0,0.0,0.0,0.0,0.0
0,ESTABLISHEDAFFLUENCE_BLOCK_40_MAC005359,0.163,0.389,0.516,0.339,938.99s,bool_weather_missing_values,0.015000000000000013,0.04400000000000004,0.02300000000000002,10.14,9.32,7.28
0,STRETCHEDSOCIETY_BLOCK_104_MAC004395,0.684,0.574,0.568,0.942,340.58s,dayofweek_num,-0.07399999999999995,-0.07100000000000006,-0.07099999999999995,-9.76,-11.11,-7.01
0,STRETCHEDSOCIETY_BLOCK_104_MAC004395,0.654,0.539,0.536,0.955,429.47s,hour,-0.10399999999999998,-0.10299999999999998,-0.05799999999999994,-13.72,-16.12,-5.73
0,STRETCHEDSOCIETY_BLOCK_104_MAC004395,0.774,0.657,0.658,1.061,334.93s,holiday,0.016000000000000014,0.019000000000000017,0.04800000000000004,2.11,2.97,4.74
0,STRETCHEDSOCIETY_BLOCK_104_MAC004395,0.802,1.138,0.674,0.932,334.47s,precipType,0.04400000000000004,0.03500000000000003,-0.08099999999999985,5.8,5.48,-8.0
0,STRETCHEDSOCIETY_BLOCK_104_MAC004395,0.771,0.716,0.658,1.029,338.71s,month,0.013000000000000012,0.019000000000000017,0.016000000000000014,1.72,2.97,1.58
0,STRETCHEDSOCIETY_BLOCK_104_MAC004395,0.758,0.775,0.639,1.013,412.53s,#,0.0,0.0,0.0,0.0,0.0,0.0
0,STRETCHEDSOCIETY_BLOCK_104_MAC004395,0.777,0.889,0.665,0.962,337.33s,bool_weather_missing_values,0.019000000000000017,0.026000000000000023,-0.050999999999999934,2.51,4.07,-5.03
0,ESTABLISHEDAFFLUENCE_BLOCK_16_MAC002096,0.024,17021.443,1.998,0.06,820.60s,dayofweek_num,-0.0010000000000000009,-0.0020000000000000018,0.0,-4.0,-0.1,0.0
0,ESTABLISHEDAFFLUENCE_BLOCK_16_MAC002096,0.026,185673.14,1.989,0.059,456.27s,hour,0.0009999999999999974,-0.010999999999999899,-0.0010000000000000009,4.0,-0.55,-1.67
0,ESTABLISHEDAFFLUENCE_BLOCK_16_MAC002096,0.025,78972.01,1.995,0.059,326.18s,holiday,0.0,-0.004999999999999893,-0.0010000000000000009,0.0,-0.25,-1.67
0,ESTABLISHEDAFFLUENCE_BLOCK_16_MAC002096,0.025,100350.234,1.994,0.059,437.32s,precipType,0.0,-0.006000000000000005,-0.0010000000000000009,0.0,-0.3,-1.67
0,ESTABLISHEDAFFLUENCE_BLOCK_16_MAC002096,0.024,3475.117,2.0,0.06,1331.88s,month,-0.0010000000000000009,0.0,0.0,-4.0,0.0,0.0
0,ESTABLISHEDAFFLUENCE_BLOCK_16_MAC002096,0.025,118680.84,2.0,0.06,515.68s,#,0.0,0.0,0.0,0.0,0.0,0.0
0,ESTABLISHEDAFFLUENCE_BLOCK_16_MAC002096,0.024,25819.63,1.998,0.06,543.97s,bool_weather_missing_values,-0.0010000000000000009,-0.0020000000000000018,0.0,-4.0,-0.1,0.0
0,ESTABLISHEDAFFLUENCE_BLOCK_35_MAC001111,0.074,0.238,0.327,0.146,464.55s,dayofweek_num,0.0010000000000000009,0.008000000000000007,0.0050000000000000044,1.37,2.51,3.55
0,ESTABLISHEDAFFLUENCE_BLOCK_35_MAC001111,0.054,0.257,0.248,0.102,422.74s,hour,-0.018999999999999996,-0.07100000000000001,-0.03899999999999999,-26.03,-22.26,-27.66
0,ESTABLISHEDAFFLUENCE_BLOCK_35_MAC001111,0.072,0.228,0.309,0.143,821.64s,holiday,-0.0010000000000000009,-0.010000000000000009,0.0020000000000000018,-1.37,-3.13,1.42
0,ESTABLISHEDAFFLUENCE_BLOCK_35_MAC001111,0.072,0.229,0.309,0.142,397.47s,precipType,-0.0010000000000000009,-0.010000000000000009,0.0010000000000000009,-1.37,-3.13,0.71
0,ESTABLISHEDAFFLUENCE_BLOCK_35_MAC001111,0.075,0.276,0.337,0.137,259.08s,month,0.0020000000000000018,0.018000000000000016,-0.003999999999999976,2.74,5.64,-2.84
0,ESTABLISHEDAFFLUENCE_BLOCK_35_MAC001111,0.073,0.245,0.319,0.141,269.94s,#,0.0,0.0,0.0,0.0,0.0,0.0
0,ESTABLISHEDAFFLUENCE_BLOCK_35_MAC001111,0.075,0.237,0.332,0.147,570.95s,bool_weather_missing_values,0.0020000000000000018,0.013000000000000012,0.006000000000000005,2.74,4.08,4.26
0,STRETCHEDSOCIETY_BLOCK_97_MAC001035,0.176,0.469,0.493,0.278,304.14s,dayofweek_num,-0.02400000000000002,-0.08399999999999996,0.006000000000000005,-12.0,-14.56,2.21
0,STRETCHEDSOCIETY_BLOCK_97_MAC001035,0.16,0.413,0.438,0.257,259.89s,hour,-0.04000000000000001,-0.13899999999999996,-0.015000000000000013,-20.0,-24.09,-5.51
0,STRETCHEDSOCIETY_BLOCK_97_MAC001035,0.172,0.431,0.494,0.272,327.73s,precipType,-0.028000000000000025,-0.08299999999999996,0.0,-14.0,-14.38,0.0
0,STRETCHEDSOCIETY_BLOCK_97_MAC001035,0.2,0.861,0.577,0.272,244.97s,#,0.0,0.0,0.0,0.0,0.0,0.0
0,STRETCHEDSOCIETY_BLOCK_97_MAC001035,0.198,0.744,0.574,0.279,252.29s,bool_weather_missing_values,-0.0020000000000000018,-0.0030000000000000027,0.007000000000000006,-1.0,-0.52,2.57
0,STRETCHEDSOCIETY_BLOCK_98_MAC004892,0.141,0.274,0.286,0.503,304.39s,dayofweek_num,-0.010000000000000009,-0.03500000000000003,-0.009000000000000008,-6.62,-10.9,-1.76
0,STRETCHEDSOCIETY_BLOCK_98_MAC004892,0.135,0.246,0.267,0.511,543.78s,hour,-0.015999999999999986,-0.05399999999999999,-0.0010000000000000009,-10.6,-16.82,-0.2
0,STRETCHEDSOCIETY_BLOCK_98_MAC004892,0.15,0.342,0.344,0.502,506.32s,holiday,-0.0010000000000000009,0.022999999999999965,-0.010000000000000009,-0.66,7.17,-1.95
0,STRETCHEDSOCIETY_BLOCK_98_MAC004892,0.139,0.266,0.276,0.509,376.36s,precipType,-0.011999999999999983,-0.044999999999999984,-0.0030000000000000027,-7.95,-14.02,-0.59
0,STRETCHEDSOCIETY_BLOCK_98_MAC004892,0.147,0.279,0.307,0.512,331.80s,month,-0.0040000000000000036,-0.014000000000000012,0.0,-2.65,-4.36,0.0
0,STRETCHEDSOCIETY_BLOCK_98_MAC004892,0.151,0.299,0.321,0.512,290.27s,#,0.0,0.0,0.0,0.0,0.0,0.0
0,STRETCHEDSOCIETY_BLOCK_98_MAC004892,0.145,0.288,0.303,0.512,276.52s,bool_weather_missing_values,-0.006000000000000005,-0.018000000000000016,0.0,-3.97,-5.61,0.0
0,ESTABLISHEDAFFLUENCE_BLOCK_11_MAC001980,0.073,0.385,0.409,0.109,423.79s,dayofweek_num,0.040999999999999995,0.24299999999999997,0.045,128.12,146.39,70.31
0,ESTABLISHEDAFFLUENCE_BLOCK_11_MAC001980,0.031,0.151,0.167,0.063,356.53s,hour,-0.0010000000000000009,0.0010000000000000009,-0.0010000000000000009,-3.12,0.6,-1.56
0,ESTABLISHEDAFFLUENCE_BLOCK_11_MAC001980,0.03,0.145,0.156,0.062,554.49s,holiday,-0.0020000000000000018,-0.010000000000000009,-0.0020000000000000018,-6.25,-6.02,-3.12
0,ESTABLISHEDAFFLUENCE_BLOCK_11_MAC001980,0.07,0.29,0.362,0.111,308.86s,precipType,0.038000000000000006,0.19599999999999998,0.047,118.75,118.07,73.44
0,ESTABLISHEDAFFLUENCE_BLOCK_11_MAC001980,0.032,0.16,0.179,0.065,547.85s,month,0.0,0.012999999999999984,0.0010000000000000009,0.0,7.83,1.56
0,ESTABLISHEDAFFLUENCE_BLOCK_11_MAC001980,0.032,0.157,0.166,0.064,605.47s,#,0.0,0.0,0.0,0.0,0.0,0.0
0,ESTABLISHEDAFFLUENCE_BLOCK_11_MAC001980,0.031,0.151,0.168,0.064,393.16s,bool_weather_missing_values,-0.0010000000000000009,0.0020000000000000018,0.0,-3.12,1.2,0.0
0,ESTABLISHEDAFFLUENCE_BLOCK_10_MAC004178,0.02,0.096,0.097,0.027,434.05s,dayofweek_num,0.0,0.0010000000000000009,0.0,0.0,1.04,0.0
0,ESTABLISHEDAFFLUENCE_BLOCK_10_MAC004178,0.02,0.099,0.099,0.027,371.73s,hour,0.0,0.0030000000000000027,0.0,0.0,3.12,0.0
0,ESTABLISHEDAFFLUENCE_BLOCK_10_MAC004178,0.02,0.094,0.096,0.027,343.76s,holiday,0.0,0.0,0.0,0.0,0.0,0.0
0,ESTABLISHEDAFFLUENCE_BLOCK_10_MAC004178,0.02,0.094,0.098,0.029,368.34s,precipType,0.0,0.0020000000000000018,0.0020000000000000018,0.0,2.08,7.41
0,ESTABLISHEDAFFLUENCE_BLOCK_10_MAC004178,0.02,0.094,0.096,0.027,286.39s,month,0.0,0.0,0.0,0.0,0.0,0.0
0,ESTABLISHEDAFFLUENCE_BLOCK_10_MAC004178,0.02,0.093,0.096,0.027,351.18s,#,0.0,0.0,0.0,0.0,0.0,0.0
0,ESTABLISHEDAFFLUENCE_BLOCK_12_MAC002752,0.062,0.454,0.401,0.154,542.08s,dayofweek_num,-0.010999999999999996,-0.057999999999999996,-0.03900000000000001,-15.07,-12.64,-20.21
0,ESTABLISHEDAFFLUENCE_BLOCK_12_MAC002752,0.062,0.362,0.379,0.181,523.74s,hour,-0.010999999999999996,-0.08000000000000002,-0.01200000000000001,-15.07,-17.43,-6.22
0,ESTABLISHEDAFFLUENCE_BLOCK_12_MAC002752,0.074,0.457,0.429,0.202,347.23s,holiday,0.0010000000000000009,-0.030000000000000027,0.009000000000000008,1.37,-6.54,4.66
0,ESTABLISHEDAFFLUENCE_BLOCK_12_MAC002752,0.069,0.395,0.391,0.199,379.10s,precipType,-0.00399999999999999,-0.068,0.006000000000000005,-5.48,-14.81,3.11
0,ESTABLISHEDAFFLUENCE_BLOCK_12_MAC002752,0.068,0.374,0.375,0.2,309.98s,month,-0.0049999999999999906,-0.08400000000000002,0.007000000000000006,-6.85,-18.3,3.63
0,ESTABLISHEDAFFLUENCE_BLOCK_12_MAC002752,0.073,0.624,0.459,0.193,472.43s,#,0.0,0.0,0.0,0.0,0.0,0.0
0,ESTABLISHEDAFFLUENCE_BLOCK_12_MAC002752,0.082,0.545,0.54,0.223,301.72s,bool_weather_missing_values,0.009000000000000008,0.08100000000000002,0.03,12.33,17.65,15.54
0,STRETCHEDSOCIETY_BLOCK_99_MAC004745,0.047,0.302,0.282,0.07,430.64s,dayofweek_num,-0.0010000000000000009,-0.007000000000000006,0.0010000000000000009,-2.08,-2.42,1.45
0,STRETCHEDSOCIETY_BLOCK_99_MAC004745,0.037,0.244,0.227,0.054,289.17s,hour,-0.011000000000000003,-0.06199999999999997,-0.015000000000000006,-22.92,-21.45,-21.74
0,STRETCHEDSOCIETY_BLOCK_99_MAC004745,0.035,0.246,0.22,0.053,351.67s,holiday,-0.012999999999999998,-0.06899999999999998,-0.016000000000000007,-27.08,-23.88,-23.19
0,STRETCHEDSOCIETY_BLOCK_99_MAC004745,0.038,0.241,0.243,0.055,359.28s,precipType,-0.010000000000000002,-0.045999999999999985,-0.014000000000000005,-20.83,-15.92,-20.29
0,STRETCHEDSOCIETY_BLOCK_99_MAC004745,0.073,0.528,0.445,0.089,265.04s,month,0.024999999999999994,0.15600000000000003,0.01999999999999999,52.08,53.98,28.99
0,STRETCHEDSOCIETY_BLOCK_99_MAC004745,0.048,0.349,0.289,0.069,615.78s,#,0.0,0.0,0.0,0.0,0.0,0.0
0,STRETCHEDSOCIETY_BLOCK_99_MAC004745,0.039,0.263,0.234,0.057,351.64s,bool_weather_missing_values,-0.009000000000000001,-0.054999999999999966,-0.012000000000000004,-18.75,-19.03,-17.39
0,STRETCHEDSOCIETY_BLOCK_98_MAC004064,0.049,0.406,0.352,0.095,262.65s,dayofweek_num,0.009000000000000001,0.08099999999999996,-0.0020000000000000018,22.5,29.89,-2.06
0,STRETCHEDSOCIETY_BLOCK_98_MAC004064,0.038,0.244,0.262,0.095,337.14s,hour,-0.0020000000000000018,-0.009000000000000008,-0.0020000000000000018,-5.0,-3.32,-2.06
0,STRETCHEDSOCIETY_BLOCK_98_MAC004064,0.04,0.234,0.274,0.1,421.23s,holiday,0.0,0.0030000000000000027,0.0030000000000000027,0.0,1.11,3.09
0,STRETCHEDSOCIETY_BLOCK_98_MAC004064,0.039,0.256,0.269,0.097,335.04s,precipType,-0.0010000000000000009,-0.0020000000000000018,0.0,-2.5,-0.74,0.0
0,STRETCHEDSOCIETY_BLOCK_98_MAC004064,0.045,0.316,0.304,0.099,315.03s,month,0.0049999999999999975,0.032999999999999974,0.0020000000000000018,12.5,12.18,2.06
0,STRETCHEDSOCIETY_BLOCK_98_MAC004064,0.04,0.258,0.271,0.097,296.03s,#,0.0,0.0,0.0,0.0,0.0,0.0
0,STRETCHEDSOCIETY_BLOCK_98_MAC004064,0.039,0.228,0.267,0.1,420.23s,bool_weather_missing_values,-0.0010000000000000009,-0.0040000000000000036,0.0030000000000000027,-2.5,-1.48,3.09
0,ESTABLISHEDAFFLUENCE_BLOCK_32_MAC001433,0.218,1.362,0.672,0.302,666.51s,dayofweek_num,0.0050000000000000044,-0.07099999999999995,0.016000000000000014,2.35,-9.56,5.59
0,ESTABLISHEDAFFLUENCE_BLOCK_32_MAC001433,0.191,1.052,0.644,0.263,264.16s,hour,-0.021999999999999992,-0.09899999999999998,-0.022999999999999965,-10.33,-13.32,-8.04
0,ESTABLISHEDAFFLUENCE_BLOCK_32_MAC001433,0.22,1.394,0.705,0.296,467.81s,holiday,0.007000000000000006,-0.038000000000000034,0.010000000000000009,3.29,-5.11,3.5
0,ESTABLISHEDAFFLUENCE_BLOCK_32_MAC001433,0.204,0.921,0.709,0.292,263.48s,precipType,-0.009000000000000008,-0.03400000000000003,0.006000000000000005,-4.23,-4.58,2.1
0,ESTABLISHEDAFFLUENCE_BLOCK_32_MAC001433,0.216,1.035,0.713,0.311,289.06s,month,0.0030000000000000027,-0.030000000000000027,0.025000000000000022,1.41,-4.04,8.74
0,ESTABLISHEDAFFLUENCE_BLOCK_32_MAC001433,0.213,1.115,0.743,0.286,250.59s,#,0.0,0.0,0.0,0.0,0.0,0.0
0,ESTABLISHEDAFFLUENCE_BLOCK_32_MAC001433,0.208,1.025,0.728,0.288,258.20s,bool_weather_missing_values,-0.0050000000000000044,-0.015000000000000013,0.0020000000000000018,-2.35,-2.02,0.7
0,STRETCHEDSOCIETY_BLOCK_100_MAC002898,0.089,1.117,0.52,0.152,262.30s,dayofweek_num,-0.0020000000000000018,-0.017000000000000015,-0.0030000000000000027,-2.2,-3.17,-1.94
0,STRETCHEDSOCIETY_BLOCK_100_MAC002898,0.094,1.361,0.541,0.144,288.81s,hour,0.0030000000000000027,0.0040000000000000036,-0.01100000000000001,3.3,0.74,-7.1
0,STRETCHEDSOCIETY_BLOCK_100_MAC002898,0.091,1.122,0.533,0.155,257.39s,holiday,0.0,-0.0040000000000000036,0.0,0.0,-0.74,0.0
0,STRETCHEDSOCIETY_BLOCK_100_MAC002898,0.091,1.131,0.532,0.154,262.87s,precipType,0.0,-0.0050000000000000044,-0.0010000000000000009,0.0,-0.93,-0.65
0,STRETCHEDSOCIETY_BLOCK_100_MAC002898,0.092,1.082,0.541,0.156,264.27s,month,0.0010000000000000009,0.0040000000000000036,0.0010000000000000009,1.1,0.74,0.65
0,STRETCHEDSOCIETY_BLOCK_100_MAC002898,0.091,1.1,0.537,0.155,250.18s,#,0.0,0.0,0.0,0.0,0.0,0.0
0,STRETCHEDSOCIETY_BLOCK_100_MAC002898,0.091,1.121,0.533,0.155,257.77s,bool_weather_missing_values,0.0,-0.0040000000000000036,0.0,0.0,-0.74,0.0
0,STRETCHEDSOCIETY_BLOCK_97_MAC001314,0.173,3519902.8,0.673,0.294,310.04s,dayofweek_num,-0.036000000000000004,-0.06499999999999995,-0.07500000000000001,-17.22,-8.81,-20.33
0,STRETCHEDSOCIETY_BLOCK_97_MAC001314,0.202,3258267.8,0.705,0.375,336.51s,hour,-0.0069999999999999785,-0.03300000000000003,0.006000000000000005,-3.35,-4.47,1.63
0,STRETCHEDSOCIETY_BLOCK_97_MAC001314,0.203,3471014.5,0.703,0.37,374.21s,holiday,-0.005999999999999978,-0.03500000000000003,0.0010000000000000009,-2.87,-4.74,0.27
0,STRETCHEDSOCIETY_BLOCK_97_MAC001314,0.205,3417923.0,0.709,0.37,358.37s,precipType,-0.0040000000000000036,-0.029000000000000026,0.0010000000000000009,-1.91,-3.93,0.27
0,STRETCHEDSOCIETY_BLOCK_97_MAC001314,0.202,3234341.0,0.731,0.346,576.71s,month,-0.0069999999999999785,-0.007000000000000006,-0.02300000000000002,-3.35,-0.95,-6.23
0,STRETCHEDSOCIETY_BLOCK_97_MAC001314,0.209,3505499.0,0.738,0.369,363.99s,#,0.0,0.0,0.0,0.0,0.0,0.0
0,STRETCHEDSOCIETY_BLOCK_97_MAC001314,0.203,3412416.5,0.735,0.368,538.23s,bool_weather_missing_values,-0.005999999999999978,-0.0030000000000000027,-0.0010000000000000009,-2.87,-0.41,-0.27
0,STRETCHEDSOCIETY_BLOCK_100_MAC003020,0.294,0.806,0.582,0.579,262.64s,dayofweek_num,-0.03400000000000003,-0.14600000000000002,-0.029000000000000026,-10.37,-20.05,-4.77
0,STRETCHEDSOCIETY_BLOCK_100_MAC003020,0.268,0.608,0.495,0.578,265.44s,hour,-0.06,-0.23299999999999998,-0.030000000000000027,-18.29,-32.01,-4.93
0,STRETCHEDSOCIETY_BLOCK_100_MAC003020,0.327,0.706,0.68,0.651,376.17s,holiday,-0.0010000000000000009,-0.04799999999999993,0.04300000000000004,-0.3,-6.59,7.07
0,STRETCHEDSOCIETY_BLOCK_100_MAC003020,0.321,0.564,0.681,0.659,263.36s,precipType,-0.007000000000000006,-0.04699999999999993,0.051000000000000045,-2.13,-6.46,8.39
0,STRETCHEDSOCIETY_BLOCK_100_MAC003020,0.341,1.231,0.758,0.603,264.80s,month,0.013000000000000012,0.030000000000000027,-0.0050000000000000044,3.96,4.12,-0.82
0,STRETCHEDSOCIETY_BLOCK_100_MAC003020,0.328,1.071,0.728,0.608,250.59s,#,0.0,0.0,0.0,0.0,0.0,0.0
0,STRETCHEDSOCIETY_BLOCK_100_MAC003020,0.339,1.054,0.736,0.631,281.18s,bool_weather_missing_values,0.01100000000000001,0.008000000000000007,0.02300000000000002,3.35,1.1,3.78
0,ESTABLISHEDAFFLUENCE_BLOCK_19_MAC005426,0.082,0.347,0.429,0.144,358.02s,dayofweek_num,0.0010000000000000009,0.02100000000000002,0.003999999999999976,1.23,5.15,2.86
0,ESTABLISHEDAFFLUENCE_BLOCK_19_MAC005426,0.069,0.372,0.34,0.126,337.38s,hour,-0.011999999999999997,-0.06799999999999995,-0.014000000000000012,-14.81,-16.67,-10.0
0,ESTABLISHEDAFFLUENCE_BLOCK_19_MAC005426,0.076,0.319,0.39,0.142,375.08s,holiday,-0.0050000000000000044,-0.01799999999999996,0.001999999999999974,-6.17,-4.41,1.43
0,ESTABLISHEDAFFLUENCE_BLOCK_19_MAC005426,0.094,0.423,0.513,0.152,263.79s,precipType,0.012999999999999998,0.10500000000000004,0.011999999999999983,16.05,25.74,8.57
0,ESTABLISHEDAFFLUENCE_BLOCK_19_MAC005426,0.086,0.433,0.46,0.146,457.45s,month,0.0049999999999999906,0.052000000000000046,0.005999999999999978,6.17,12.75,4.29
0,ESTABLISHEDAFFLUENCE_BLOCK_19_MAC005426,0.081,0.41,0.408,0.14,523.74s,#,0.0,0.0,0.0,0.0,0.0,0.0
0,ESTABLISHEDAFFLUENCE_BLOCK_19_MAC005426,0.078,0.414,0.415,0.138,561.70s,bool_weather_missing_values,-0.0030000000000000027,0.007000000000000006,-0.0020000000000000018,-3.7,1.72,-1.43
0,STRETCHEDSOCIETY_BLOCK_97_MAC000696,0.148,0.48,0.396,0.249,287.03s,dayofweek_num,0.0,-0.0050000000000000044,-0.006000000000000005,0.0,-1.25,-2.35
0,STRETCHEDSOCIETY_BLOCK_97_MAC000696,0.153,0.477,0.397,0.249,313.61s,hour,0.0050000000000000044,-0.0040000000000000036,-0.006000000000000005,3.38,-1.0,-2.35
0,STRETCHEDSOCIETY_BLOCK_97_MAC000696,0.143,0.402,0.384,0.258,352.11s,holiday,-0.0050000000000000044,-0.017000000000000015,0.0030000000000000027,-3.38,-4.24,1.18
0,STRETCHEDSOCIETY_BLOCK_97_MAC000696,0.153,0.54,0.417,0.25,264.09s,precipType,0.0050000000000000044,0.01599999999999996,-0.0050000000000000044,3.38,3.99,-1.96
0,STRETCHEDSOCIETY_BLOCK_97_MAC000696,0.149,0.453,0.403,0.261,265.70s,month,0.0010000000000000009,0.0020000000000000018,0.006000000000000005,0.68,0.5,2.35
0,STRETCHEDSOCIETY_BLOCK_97_MAC000696,0.148,0.471,0.401,0.255,251.11s,#,0.0,0.0,0.0,0.0,0.0,0.0
0,STRETCHEDSOCIETY_BLOCK_97_MAC000696,0.145,0.409,0.396,0.258,352.12s,bool_weather_missing_values,-0.0030000000000000027,-0.0050000000000000044,0.0030000000000000027,-2.03,-1.25,1.18
0,ESTABLISHEDAFFLUENCE_BLOCK_10_MAC001869,0.263,0.733,0.491,0.407,551.49s,dayofweek_num,-0.008000000000000007,-0.06800000000000006,-0.006000000000000005,-2.95,-12.16,-1.45
0,ESTABLISHEDAFFLUENCE_BLOCK_10_MAC001869,0.233,0.63,0.433,0.389,265.95s,hour,-0.038000000000000006,-0.12600000000000006,-0.023999999999999966,-14.02,-22.54,-5.81
0,ESTABLISHEDAFFLUENCE_BLOCK_10_MAC001869,0.399,1.777,0.741,0.489,258.92s,holiday,0.128,0.18199999999999994,0.07600000000000001,47.23,32.56,18.4
0,ESTABLISHEDAFFLUENCE_BLOCK_10_MAC001869,0.31,1.133,0.579,0.435,311.79s,precipType,0.03899999999999998,0.019999999999999907,0.02200000000000002,14.39,3.58,5.33
0,ESTABLISHEDAFFLUENCE_BLOCK_10_MAC001869,0.382,1.342,0.602,0.556,555.55s,month,0.11099999999999999,0.04299999999999993,0.14300000000000007,40.96,7.69,34.62
0,ESTABLISHEDAFFLUENCE_BLOCK_10_MAC001869,0.271,0.798,0.559,0.413,365.82s,#,0.0,0.0,0.0,0.0,0.0,0.0
0,STRETCHEDSOCIETY_BLOCK_104_MAC000090,0.32,0.782,0.549,0.479,287.07s,dayofweek_num,-0.09899999999999998,-0.05899999999999994,-0.14700000000000002,-23.63,-9.7,-23.48
0,STRETCHEDSOCIETY_BLOCK_104_MAC000090,0.296,0.736,0.476,0.479,289.70s,hour,-0.123,-0.132,-0.14700000000000002,-29.36,-21.71,-23.48
0,STRETCHEDSOCIETY_BLOCK_104_MAC000090,0.302,0.78,0.49,0.497,375.83s,holiday,-0.11699999999999999,-0.118,-0.129,-27.92,-19.41,-20.61
0,STRETCHEDSOCIETY_BLOCK_104_MAC000090,0.459,1.42,0.8,0.563,264.13s,precipType,0.040000000000000036,0.19200000000000006,-0.06300000000000006,9.55,31.58,-10.06
0,STRETCHEDSOCIETY_BLOCK_104_MAC000090,0.347,0.919,0.542,0.527,602.26s,month,-0.07200000000000001,-0.06599999999999995,-0.09899999999999998,-17.18,-10.86,-15.81
0,STRETCHEDSOCIETY_BLOCK_104_MAC000090,0.419,1.262,0.608,0.626,662.72s,#,0.0,0.0,0.0,0.0,0.0,0.0
0,ESTABLISHEDAFFLUENCE_BLOCK_14_MAC002635,0.499,0.77,0.492,0.714,382.49s,dayofweek_num,-0.13,-0.08399999999999996,-0.15600000000000003,-20.67,-14.58,-17.93
0,ESTABLISHEDAFFLUENCE_BLOCK_14_MAC002635,0.531,0.765,0.545,0.731,433.93s,hour,-0.09799999999999998,-0.030999999999999917,-0.139,-15.58,-5.38,-15.98
0,ESTABLISHEDAFFLUENCE_BLOCK_14_MAC002635,0.861,1.506,0.815,1.064,821.18s,holiday,0.23199999999999998,0.239,0.19400000000000006,36.88,41.49,22.3
0,ESTABLISHEDAFFLUENCE_BLOCK_14_MAC002635,0.805,0.915,0.825,1.046,263.56s,precipType,0.17600000000000005,0.249,0.17600000000000005,27.98,43.23,20.23
0,ESTABLISHEDAFFLUENCE_BLOCK_14_MAC002635,0.638,1.023,0.585,0.88,386.47s,month,0.009000000000000008,0.009000000000000008,0.010000000000000009,1.43,1.56,1.15
0,ESTABLISHEDAFFLUENCE_BLOCK_14_MAC002635,0.629,1.034,0.576,0.87,342.46s,#,0.0,0.0,0.0,0.0,0.0,0.0
0,ESTABLISHEDAFFLUENCE_BLOCK_14_MAC002635,0.785,0.691,0.837,1.106,637.02s,bool_weather_missing_values,0.15600000000000003,0.261,0.2360000000000001,24.8,45.31,27.13
0,STRETCHEDSOCIETY_BLOCK_94_MAC000838,0.088,0.408,0.309,0.161,312.08s,dayofweek_num,-0.016,-0.063,-0.0030000000000000027,-15.38,-16.94,-1.83
0,STRETCHEDSOCIETY_BLOCK_94_MAC000838,0.069,0.258,0.245,0.141,265.74s,hour,-0.03499999999999999,-0.127,-0.02300000000000002,-33.65,-34.14,-14.02
0,STRETCHEDSOCIETY_BLOCK_94_MAC000838,0.083,0.344,0.285,0.166,729.32s,holiday,-0.02099999999999999,-0.08700000000000002,0.0020000000000000018,-20.19,-23.39,1.22
0,STRETCHEDSOCIETY_BLOCK_94_MAC000838,0.089,0.402,0.317,0.16,504.15s,precipType,-0.015,-0.05499999999999999,-0.0040000000000000036,-14.42,-14.78,-2.44
0,STRETCHEDSOCIETY_BLOCK_94_MAC000838,0.099,0.441,0.328,0.175,845.17s,month,-0.0049999999999999906,-0.043999999999999984,0.010999999999999982,-4.81,-11.83,6.71
0,STRETCHEDSOCIETY_BLOCK_94_MAC000838,0.104,0.574,0.372,0.164,321.37s,#,0.0,0.0,0.0,0.0,0.0,0.0
0,STRETCHEDSOCIETY_BLOCK_94_MAC000838,0.092,0.432,0.323,0.153,517.79s,bool_weather_missing_values,-0.011999999999999997,-0.04899999999999999,-0.01100000000000001,-11.54,-13.17,-6.71
0,STRETCHEDSOCIETY_BLOCK_97_MAC001041,0.18,0.53,0.634,0.301,526.96s,dayofweek_num,-0.0020000000000000018,0.03400000000000003,-0.008000000000000007,-1.1,5.67,-2.59
0,STRETCHEDSOCIETY_BLOCK_97_MAC001041,0.164,0.438,0.536,0.29,266.18s,hour,-0.017999999999999988,-0.06399999999999995,-0.019000000000000017,-9.89,-10.67,-6.15
0,STRETCHEDSOCIETY_BLOCK_97_MAC001041,0.179,0.507,0.625,0.308,541.40s,holiday,-0.0030000000000000027,0.025000000000000022,-0.0010000000000000009,-1.65,4.17,-0.32
0,STRETCHEDSOCIETY_BLOCK_97_MAC001041,0.18,0.508,0.669,0.308,457.96s,precipType,-0.0020000000000000018,0.06900000000000006,-0.0010000000000000009,-1.1,11.5,-0.32
0,STRETCHEDSOCIETY_BLOCK_97_MAC001041,0.185,0.492,0.613,0.315,314.66s,month,0.0030000000000000027,0.013000000000000012,0.006000000000000005,1.65,2.17,1.94
0,STRETCHEDSOCIETY_BLOCK_97_MAC001041,0.182,0.515,0.6,0.309,252.14s,#,0.0,0.0,0.0,0.0,0.0,0.0
0,STRETCHEDSOCIETY_BLOCK_97_MAC001041,0.171,0.484,0.616,0.299,399.80s,bool_weather_missing_values,-0.010999999999999982,0.016000000000000014,-0.010000000000000009,-6.04,2.67,-3.24
0,ESTABLISHEDAFFLUENCE_BLOCK_17_MAC002007,0.204,0.675,0.461,0.38,702.26s,hour,0.021999999999999992,0.027000000000000024,0.0040000000000000036,12.09,6.22,1.06
0,ESTABLISHEDAFFLUENCE_BLOCK_17_MAC002007,0.217,0.531,0.433,0.434,376.94s,holiday,0.035,-0.0010000000000000009,0.057999999999999996,19.23,-0.23,15.43
0,ESTABLISHEDAFFLUENCE_BLOCK_17_MAC002007,0.209,0.561,0.432,0.419,433.80s,precipType,0.026999999999999996,-0.0020000000000000018,0.04299999999999998,14.84,-0.46,11.44
0,ESTABLISHEDAFFLUENCE_BLOCK_17_MAC002007,0.217,0.585,0.462,0.432,604.98s,month,0.035,0.028000000000000025,0.055999999999999994,19.23,6.45,14.89
0,ESTABLISHEDAFFLUENCE_BLOCK_17_MAC002007,0.182,0.676,0.434,0.376,526.26s,#,0.0,0.0,0.0,0.0,0.0,0.0
0,ESTABLISHEDAFFLUENCE_BLOCK_17_MAC002007,0.206,0.755,0.418,0.4,565.74s,bool_weather_missing_values,0.023999999999999994,-0.016000000000000014,0.02400000000000002,13.19,-3.69,6.38
0,ESTABLISHEDAFFLUENCE_BLOCK_30_MAC003114,0.351,0.495,0.741,0.644,691.02s,#,0.0,0.0,0.0,0.0,0.0,0.0
